Entry,Organism,Modified residue,Modified_position,Positive_sequence
A2AGH6,Mus musculus (Mouse),Symmetric dimethylarginine,1901,KTSVYRQQQPT
A2AGH6,Mus musculus (Mouse),Symmetric dimethylarginine,1999,RHLQQRPSGYV
A2AGH6,Mus musculus (Mouse),Symmetric dimethylarginine,2020,LTSTQRFSHQT
A2AIV2,Mus musculus (Mouse),Symmetric dimethylarginine,1740,NYNESRGGQSN
A2AIV2,Mus musculus (Mouse),Symmetric dimethylarginine,1772,RDRASRGRGGL
A2AIV2,Mus musculus (Mouse),Symmetric dimethylarginine,1774,RASRGRGGLGP
A2AIV2,Mus musculus (Mouse),Symmetric dimethylarginine,1792,GSGGSRGKFVS
A2AJA9,Mus musculus (Mouse),Symmetric dimethylarginine,749,FLSRGRGVLFL
A2AJK6,Mus musculus (Mouse),Symmetric dimethylarginine,280,QQGAVRPQTLN
A2ASS6,Mus musculus (Mouse),Symmetric dimethylarginine,296,PVRHVRAPTPS
A2BH40,Mus musculus (Mouse),Symmetric dimethylarginine,431,SQTPQRYPMTM
D3YXK2,Mus musculus (Mouse),Symmetric dimethylarginine,890,GHMMNRGGMSG
D3YXK2,Mus musculus (Mouse),Symmetric dimethylarginine,896,GGMSGRGSFAP
D3YXK2,Mus musculus (Mouse),Symmetric dimethylarginine,906,PGGASRGHVIP
D3YXK2,Mus musculus (Mouse),Symmetric dimethylarginine,912,GHVIPRGGMQA
D3YZU1,Mus musculus (Mouse),Symmetric dimethylarginine,1257,NEARRRSTLFL
F6ZDS4,Mus musculus (Mouse),Symmetric dimethylarginine,2411,GRQFNRQRGIS
F6ZDS4,Mus musculus (Mouse),Symmetric dimethylarginine,2413,QFNRQRGISHA
F6ZDS4,Mus musculus (Mouse),Symmetric dimethylarginine,2422,HAMGGRGGINR
O08583,Mus musculus (Mouse),Symmetric dimethylarginine,38,GSQGGRGGAVQ
O08583,Mus musculus (Mouse),Symmetric dimethylarginine,196,AQSINRGGMTR
O08583,Mus musculus (Mouse),Symmetric dimethylarginine,203,GMTRNRGSGGF
O35144,Mus musculus (Mouse),Symmetric dimethylarginine,62,GRAASRRASRS
O55201,Mus musculus (Mouse),Symmetric dimethylarginine,690,PGGMSRGRGRR
O55201,Mus musculus (Mouse),Symmetric dimethylarginine,692,GMSRGRGRRDN
O55201,Mus musculus (Mouse),Symmetric dimethylarginine,692,GMSRGRGRRDN
O70133,Mus musculus (Mouse),Symmetric dimethylarginine,1167,PPKMARYDNGS
O70133,Mus musculus (Mouse),Symmetric dimethylarginine,1312,SPNSYRGNYGG
O70133,Mus musculus (Mouse),Symmetric dimethylarginine,1323,GGGGYRGGSQG
O70133,Mus musculus (Mouse),Symmetric dimethylarginine,1339,FGGDYRGSSGD
O70133,Mus musculus (Mouse),Symmetric dimethylarginine,1346,SSGDYRGSGGG
O70133,Mus musculus (Mouse),Symmetric dimethylarginine,1353,SGGGYRGSGGF
O70133,Mus musculus (Mouse),Symmetric dimethylarginine,1361,GGFQRRGYGGG
O70133,Mus musculus (Mouse),Symmetric dimethylarginine,1372,YFGQGRGGGGG
O70161,Mus musculus (Mouse),Symmetric dimethylarginine,459,PSKKGRGALLA
O70305,Mus musculus (Mouse),Symmetric dimethylarginine,609,RVSAGRGSMSS
O88569,Mus musculus (Mouse),Symmetric dimethylarginine,203,SSRSGRGGNFG
O88569,Mus musculus (Mouse),Symmetric dimethylarginine,213,GFGDSRGGGGN
O88569,Mus musculus (Mouse),Symmetric dimethylarginine,266,GYGGGRGGYGG
O88737,Mus musculus (Mouse),Symmetric dimethylarginine,1806,EAKFARYNLPN
O88737,Mus musculus (Mouse),Symmetric dimethylarginine,2255,PMIAPRVPLGP
O88737,Mus musculus (Mouse),Symmetric dimethylarginine,2265,PAGLYRYPAPR
O88737,Mus musculus (Mouse),Symmetric dimethylarginine,2270,RYPAPRFPIAS
O88935,Mus musculus (Mouse),Symmetric dimethylarginine,680,EPAPPRPSLSQ
O89086,Mus musculus (Mouse),Symmetric dimethylarginine,103,GRSYSRGGGDQ
P02340,Mus musculus (Mouse),Symmetric dimethylarginine,332,LKIRGRKRFEM
P02340,Mus musculus (Mouse),Symmetric dimethylarginine,334,IRGRKRFEMFR
P02535,Mus musculus (Mouse),Symmetric dimethylarginine,32,RVSSTRGSLGG
P08551,Mus musculus (Mouse),Symmetric dimethylarginine,23,YVETPRVHISS
P09405,Mus musculus (Mouse),Symmetric dimethylarginine,653,GGFGGRGGGRG
P09405,Mus musculus (Mouse),Symmetric dimethylarginine,657,GRGGGRGGFGG
P09405,Mus musculus (Mouse),Symmetric dimethylarginine,663,GGFGGRGGGRG
P09405,Mus musculus (Mouse),Symmetric dimethylarginine,667,GRGGGRGGRGG
P09405,Mus musculus (Mouse),Symmetric dimethylarginine,670,GGRGGRGGFGG
P09405,Mus musculus (Mouse),Symmetric dimethylarginine,676,GGFGGRGRGGF
P09405,Mus musculus (Mouse),Symmetric dimethylarginine,678,FGGRGRGGFGG
P09405,Mus musculus (Mouse),Symmetric dimethylarginine,684,GGFGGRGGFRG
P09405,Mus musculus (Mouse),Symmetric dimethylarginine,688,GRGGFRGGRGG
P09405,Mus musculus (Mouse),Symmetric dimethylarginine,691,GFRGGRGGGGD
P0CG14,Mus musculus (Mouse),Symmetric dimethylarginine,368,AGVFPRGTGSG
P11679,Mus musculus (Mouse),Symmetric dimethylarginine,49,SSSSFRGSMGT
P17095,Mus musculus (Mouse),Symmetric dimethylarginine,26,TEKRGRGRPRK
P17095,Mus musculus (Mouse),Symmetric dimethylarginine,26,TEKRGRGRPRK
P17095,Mus musculus (Mouse),Symmetric dimethylarginine,58,TPKRPRGRPKG
P17095,Mus musculus (Mouse),Symmetric dimethylarginine,60,KRPRGRPKGSK
P19001,Mus musculus (Mouse),Symmetric dimethylarginine,24,GGGSVRIGSGG
P27048,Mus musculus (Mouse),Symmetric dimethylarginine,108,GPGIGRAAGRG
P27048,Mus musculus (Mouse),Symmetric dimethylarginine,112,GRAAGRGIPAG
P29341,Mus musculus (Mouse),Symmetric dimethylarginine,493,QTMGPRPAAAA
P30658,Mus musculus (Mouse),Symmetric dimethylarginine,248,AGSPSRGGIWQ
P31001,Mus musculus (Mouse),Symmetric dimethylarginine,37,SPVFPRAGFGT
P35922,Mus musculus (Mouse),Symmetric dimethylarginine,533,GDGRRRRGGGR
P35922,Mus musculus (Mouse),Symmetric dimethylarginine,538,RRGGGRGQGGR
P35922,Mus musculus (Mouse),Symmetric dimethylarginine,543,RGQGGRGRGGG
P35922,Mus musculus (Mouse),Symmetric dimethylarginine,545,QGGRGRGGGFK
P45481,Mus musculus (Mouse),Symmetric dimethylarginine,600,VTQDLRSHLVH
P45481,Mus musculus (Mouse),Symmetric dimethylarginine,624,ALKDRRMENLV
P47809,Mus musculus (Mouse),Symmetric dimethylarginine,56,VKSTARFTLNP
P49312,Mus musculus (Mouse),Symmetric dimethylarginine,194,ASSSQRGRSGS
P49312,Mus musculus (Mouse),Symmetric dimethylarginine,206,NFGGGRGGGFG
P49312,Mus musculus (Mouse),Symmetric dimethylarginine,218,NDNFGRGGNFS
P49312,Mus musculus (Mouse),Symmetric dimethylarginine,225,GNFSGRGGFGG
P49312,Mus musculus (Mouse),Symmetric dimethylarginine,232,GFGGSRGGGGY
P56959,Mus musculus (Mouse),Symmetric dimethylarginine,217,QDRGGRGRGGG
P56959,Mus musculus (Mouse),Symmetric dimethylarginine,219,RGGRGRGGGGG
P56959,Mus musculus (Mouse),Symmetric dimethylarginine,235,GGYEPRGRGGG
P56959,Mus musculus (Mouse),Symmetric dimethylarginine,237,YEPRGRGGGRG
P56959,Mus musculus (Mouse),Symmetric dimethylarginine,241,GRGGGRGGRGG
P56959,Mus musculus (Mouse),Symmetric dimethylarginine,244,GGRGGRGGMGG
P56959,Mus musculus (Mouse),Symmetric dimethylarginine,252,MGGSDRGGFNK
P56959,Mus musculus (Mouse),Symmetric dimethylarginine,370,RADFNRGGGNG
P56959,Mus musculus (Mouse),Symmetric dimethylarginine,376,GGGNGRGGRGR
P56959,Mus musculus (Mouse),Symmetric dimethylarginine,379,NGRGGRGRGGP
P56959,Mus musculus (Mouse),Symmetric dimethylarginine,381,RGGRGRGGPMG
P56959,Mus musculus (Mouse),Symmetric dimethylarginine,387,GGPMGRGGYGG
P56959,Mus musculus (Mouse),Symmetric dimethylarginine,400,SGGGGRGGFPS
P56959,Mus musculus (Mouse),Symmetric dimethylarginine,466,YGDDRRGRGGY
P56959,Mus musculus (Mouse),Symmetric dimethylarginine,468,DDRRGRGGYDR
P56959,Mus musculus (Mouse),Symmetric dimethylarginine,473,RGGYDRGGYRG
P56959,Mus musculus (Mouse),Symmetric dimethylarginine,477,DRGGYRGRGGD
P56959,Mus musculus (Mouse),Symmetric dimethylarginine,479,GGYRGRGGDRG
P56959,Mus musculus (Mouse),Symmetric dimethylarginine,483,GRGGDRGGFRG
P56959,Mus musculus (Mouse),Symmetric dimethylarginine,487,DRGGFRGGRGG
P56959,Mus musculus (Mouse),Symmetric dimethylarginine,490,GFRGGRGGGDR
P56959,Mus musculus (Mouse),Symmetric dimethylarginine,495,RGGGDRGGFGP
P59644,Mus musculus (Mouse),Symmetric dimethylarginine,56,ASSEPRLTLAP
P59644,Mus musculus (Mouse),Symmetric dimethylarginine,76,PSERPRLVLSS
P59644,Mus musculus (Mouse),Symmetric dimethylarginine,83,VLSSPRPVLAP
P61082,Mus musculus (Mouse),Symmetric dimethylarginine,169,VQRSMRGGYIG
P62482,Mus musculus (Mouse),Symmetric dimethylarginine,28,MIYSTRYGSPK
P62806,Mus musculus (Mouse),Symmetric dimethylarginine,4,MSGRGKGGK
P62806,Mus musculus (Mouse),Symmetric dimethylarginine,4,MSGRGKGGK
P62996,Mus musculus (Mouse),Symmetric dimethylarginine,241,YSRSYRGGGGG
P63163,Mus musculus (Mouse),Symmetric dimethylarginine,108,GPGVGRAAGRG
P63163,Mus musculus (Mouse),Symmetric dimethylarginine,112,GRAAGRGVPAG
P63325,Mus musculus (Mouse),Symmetric dimethylarginine,158,RGGFGRGRGQP
P63325,Mus musculus (Mouse),Symmetric dimethylarginine,160,GFGRGRGQPPQ
P70255,Mus musculus (Mouse),Symmetric dimethylarginine,365,HSGIARSPHPT
P70255,Mus musculus (Mouse),Symmetric dimethylarginine,395,PHTAIRYPPHL
P70372,Mus musculus (Mouse),Symmetric dimethylarginine,217,HHQAQRFRFSP
P97855,Mus musculus (Mouse),Symmetric dimethylarginine,427,RDNRLRGPGGP
P97855,Mus musculus (Mouse),Symmetric dimethylarginine,433,GPGGPRGGPSG
Q0VBL3,Mus musculus (Mouse),Symmetric dimethylarginine,577,YRDRDRDLYTD
Q3TC46,Mus musculus (Mouse),Symmetric dimethylarginine,217,KPVHVRPPMPP
Q3TC46,Mus musculus (Mouse),Symmetric dimethylarginine,223,PPMPPRYPAPY
Q3TC46,Mus musculus (Mouse),Symmetric dimethylarginine,263,LSPLQRAQLLG
Q3TC46,Mus musculus (Mouse),Symmetric dimethylarginine,284,PSQFARVPGFV
Q3TLH4,Mus musculus (Mouse),Symmetric dimethylarginine,243,LASQYRAMMPP
Q3TLH4,Mus musculus (Mouse),Symmetric dimethylarginine,256,FQQYPRMAYPP
Q3TLH4,Mus musculus (Mouse),Symmetric dimethylarginine,267,LHGPMRFPPSL
Q3TLH4,Mus musculus (Mouse),Symmetric dimethylarginine,2775,LQSTQRFFSEQ
Q3TTY5,Mus musculus (Mouse),Symmetric dimethylarginine,22,GGGGFRGFSSG
Q3U7U3,Mus musculus (Mouse),Symmetric dimethylarginine,519,RSADSRLPFL
Q3UJB0,Mus musculus (Mouse),Symmetric dimethylarginine,491,HWCFKRKYLQG
Q60668,Mus musculus (Mouse),Symmetric dimethylarginine,345,GKVSRRGGHQN
Q60749,Mus musculus (Mouse),Symmetric dimethylarginine,45,LPHRPRGGGGG
Q60749,Mus musculus (Mouse),Symmetric dimethylarginine,52,GGGGPRGGARA
Q60749,Mus musculus (Mouse),Symmetric dimethylarginine,304,PVPRGRGVGPP
Q60749,Mus musculus (Mouse),Symmetric dimethylarginine,331,GATVTRGVPPP
Q60865,Mus musculus (Mouse),Symmetric dimethylarginine,696,PPRPNRGMPQM
Q61026,Mus musculus (Mouse),Symmetric dimethylarginine,338,FSQIYRFSLSD
Q61026,Mus musculus (Mouse),Symmetric dimethylarginine,864,QKAALRMSQST
Q61026,Mus musculus (Mouse),Symmetric dimethylarginine,874,TFNNPRPGQLG
Q61026,Mus musculus (Mouse),Symmetric dimethylarginine,1173,LRMQPRPGLRP
Q61026,Mus musculus (Mouse),Symmetric dimethylarginine,1177,PRPGLRPTGIV
Q61026,Mus musculus (Mouse),Symmetric dimethylarginine,1190,QPNQLRLQLQH
Q61026,Mus musculus (Mouse),Symmetric dimethylarginine,1196,LQLQHRLQAQQ
Q61026,Mus musculus (Mouse),Symmetric dimethylarginine,1203,QAQQNRQPLMN
Q61026,Mus musculus (Mouse),Symmetric dimethylarginine,1221,VNLTLRPGVPT
Q61026,Mus musculus (Mouse),Symmetric dimethylarginine,1240,LAQRQREILNQ
Q61026,Mus musculus (Mouse),Symmetric dimethylarginine,1264,RTLMMRGQGLN
Q61062,Mus musculus (Mouse),Symmetric dimethylarginine,271,GQSNERGDGGI
Q61062,Mus musculus (Mouse),Symmetric dimethylarginine,271,GQSNERGDGGI
Q61062,Mus musculus (Mouse),Symmetric dimethylarginine,342,WDPSPRGCFTL
Q61062,Mus musculus (Mouse),Symmetric dimethylarginine,614,TRSSLRGPRER
Q61191,Mus musculus (Mouse),Symmetric dimethylarginine,1216,ALPSVRVGLSG
Q61545,Mus musculus (Mouse),Symmetric dimethylarginine,300,SGPDNRGRGRG
Q61545,Mus musculus (Mouse),Symmetric dimethylarginine,302,PDNRGRGRGGF
Q61545,Mus musculus (Mouse),Symmetric dimethylarginine,304,NRGRGRGGFDR
Q61545,Mus musculus (Mouse),Symmetric dimethylarginine,309,RGGFDRGGMSR
Q61545,Mus musculus (Mouse),Symmetric dimethylarginine,314,RGGMSRGGRGG
Q61545,Mus musculus (Mouse),Symmetric dimethylarginine,317,MSRGGRGGGRG
Q61545,Mus musculus (Mouse),Symmetric dimethylarginine,321,GRGGGRGGLGA
Q61545,Mus musculus (Mouse),Symmetric dimethylarginine,454,PMNSMRGGMPP
Q61545,Mus musculus (Mouse),Symmetric dimethylarginine,463,PPREGRGMPPP
Q61545,Mus musculus (Mouse),Symmetric dimethylarginine,470,MPPPLRGGPGG
Q61545,Mus musculus (Mouse),Symmetric dimethylarginine,489,GRMGGRGGDRG
Q61545,Mus musculus (Mouse),Symmetric dimethylarginine,493,GRGGDRGGFPP
Q61545,Mus musculus (Mouse),Symmetric dimethylarginine,499,GGFPPRGPRGS
Q61545,Mus musculus (Mouse),Symmetric dimethylarginine,502,PPRGPRGSRGN
Q61545,Mus musculus (Mouse),Symmetric dimethylarginine,505,GPRGSRGNPSG
Q61545,Mus musculus (Mouse),Symmetric dimethylarginine,562,PPGGDRGRGGP
Q61545,Mus musculus (Mouse),Symmetric dimethylarginine,564,GGDRGRGGPGG
Q61545,Mus musculus (Mouse),Symmetric dimethylarginine,571,GPGGMRGGRGG
Q61545,Mus musculus (Mouse),Symmetric dimethylarginine,574,GMRGGRGGLMD
Q61545,Mus musculus (Mouse),Symmetric dimethylarginine,580,GGLMDRGGPGG
Q61545,Mus musculus (Mouse),Symmetric dimethylarginine,588,PGGMFRGGRGG
Q61545,Mus musculus (Mouse),Symmetric dimethylarginine,591,MFRGGRGGDRG
Q61545,Mus musculus (Mouse),Symmetric dimethylarginine,595,GRGGDRGGFRG
Q61545,Mus musculus (Mouse),Symmetric dimethylarginine,599,DRGGFRGGRGM
Q61545,Mus musculus (Mouse),Symmetric dimethylarginine,602,GFRGGRGMDRG
Q61545,Mus musculus (Mouse),Symmetric dimethylarginine,606,GRGMDRGGFGG
Q61545,Mus musculus (Mouse),Symmetric dimethylarginine,614,FGGGRRGGPGG
Q61545,Mus musculus (Mouse),Symmetric dimethylarginine,632,QMGGRRGGRGG
Q61545,Mus musculus (Mouse),Symmetric dimethylarginine,635,GRRGGRGGPGK
Q61548,Mus musculus (Mouse),Symmetric dimethylarginine,859,AQPMMRPPFGA
Q61584,Mus musculus (Mouse),Symmetric dimethylarginine,476,PGGRGRSVSGG
Q61584,Mus musculus (Mouse),Symmetric dimethylarginine,482,SVSGGRGRGGP
Q61584,Mus musculus (Mouse),Symmetric dimethylarginine,484,SGGRGRGGPRG
Q61701,Mus musculus (Mouse),Symmetric dimethylarginine,248,HHQAQRFRLDN
Q61850,Mus musculus (Mouse),Symmetric dimethylarginine,452,MFNSHRLGLDN
Q62407,Mus musculus (Mouse),Symmetric dimethylarginine,2060,ATRLTRGGLGE
Q62504,Mus musculus (Mouse),Symmetric dimethylarginine,3088,ITYSIRPETLH
Q62504,Mus musculus (Mouse),Symmetric dimethylarginine,3096,TLHSPRAPLQP
Q6P6N5,Mus musculus (Mouse),Symmetric dimethylarginine,238,STCVVRFAKTG
Q6PAK3,Mus musculus (Mouse),Symmetric dimethylarginine,73,EEMTSRDYYFD
Q6PAN7,Mus musculus (Mouse),Symmetric dimethylarginine,186,PSADPRLPLVP
Q6PB70,Mus musculus (Mouse),Symmetric dimethylarginine,991,SPADTRLPAFL
Q6PDH0,Mus musculus (Mouse),Symmetric dimethylarginine,131,QSTFLRFNHPA
Q6PDM2,Mus musculus (Mouse),Symmetric dimethylarginine,93,FPRSGRGTGRG
Q6PDM2,Mus musculus (Mouse),Symmetric dimethylarginine,97,GRGTGRGGGGG
Q6PDM2,Mus musculus (Mouse),Symmetric dimethylarginine,109,GGGAPRGRYGP
Q7TMK9,Mus musculus (Mouse),Symmetric dimethylarginine,444,MPPPTRGRGRG
Q7TMK9,Mus musculus (Mouse),Symmetric dimethylarginine,510,GAAPSRGRGAA
Q7TMK9,Mus musculus (Mouse),Symmetric dimethylarginine,518,GAAPPRGRAGY
Q7TMK9,Mus musculus (Mouse),Symmetric dimethylarginine,526,AGYSQRGGPGS
Q7TMK9,Mus musculus (Mouse),Symmetric dimethylarginine,536,SARGVRGARGG
Q7TMK9,Mus musculus (Mouse),Symmetric dimethylarginine,539,GVRGARGGAQQ
Q7TSC1,Mus musculus (Mouse),Symmetric dimethylarginine,272,PQGPYRYPTPD
Q80XQ2,Mus musculus (Mouse),Symmetric dimethylarginine,448,SRTNARGAPLN
Q811P8,Mus musculus (Mouse),Symmetric dimethylarginine,1526,QVYGARSEPPA
Q811P8,Mus musculus (Mouse),Symmetric dimethylarginine,1536,ASMGPRYNTYV
Q8BG05,Mus musculus (Mouse),Symmetric dimethylarginine,214,SAGSQRGRGGG
Q8BG05,Mus musculus (Mouse),Symmetric dimethylarginine,216,GSQRGRGGGSG
Q8BG05,Mus musculus (Mouse),Symmetric dimethylarginine,226,GNFMGRGGNFG
Q8BG05,Mus musculus (Mouse),Symmetric dimethylarginine,239,GGNFGRGGNFG
Q8BG05,Mus musculus (Mouse),Symmetric dimethylarginine,246,GNFGGRGGYGG
Q8BG05,Mus musculus (Mouse),Symmetric dimethylarginine,286,PGYSSRGGYGG
Q8BH74,Mus musculus (Mouse),Symmetric dimethylarginine,60,TPSSFRQPFVT
Q8BHL8,Mus musculus (Mouse),Symmetric dimethylarginine,219,RSGFPRVLIDP
Q8BIF2,Mus musculus (Mouse),Symmetric dimethylarginine,223,TAVAYRGAHLR
Q8BIF2,Mus musculus (Mouse),Symmetric dimethylarginine,319,GYAAYRYAQPA
Q8BKJ9,Mus musculus (Mouse),Symmetric dimethylarginine,390,GGWFGRGCAKR
Q8BP71,Mus musculus (Mouse),Symmetric dimethylarginine,356,VYGAVRAVPPT
Q8BP71,Mus musculus (Mouse),Symmetric dimethylarginine,388,GYAAYRYAQPA
Q8BP71,Mus musculus (Mouse),Symmetric dimethylarginine,440,VASLYRGGYSR
Q8BP71,Mus musculus (Mouse),Symmetric dimethylarginine,445,RGGYSRFAPY
Q8BTI8,Mus musculus (Mouse),Symmetric dimethylarginine,2337,NLTSPRVPLSA
Q8BVQ5,Mus musculus (Mouse),Symmetric dimethylarginine,16,GRLPSRPPLPG
Q8BWB1,Mus musculus (Mouse),Symmetric dimethylarginine,920,DEPIWRAELAS
Q8C5R2,Mus musculus (Mouse),Symmetric dimethylarginine,263,APKVHRFPSNI
Q8C6B2,Mus musculus (Mouse),Symmetric dimethylarginine,230,SGKRVRASLDS
Q8C9B9,Mus musculus (Mouse),Symmetric dimethylarginine,1904,QFGGQRRPLLT
Q8C9B9,Mus musculus (Mouse),Symmetric dimethylarginine,1905,FGGQRRPLLTQ
Q8C9B9,Mus musculus (Mouse),Symmetric dimethylarginine,1988,VNSPPRFAGQR
Q8C9B9,Mus musculus (Mouse),Symmetric dimethylarginine,1993,RFAGQRASAPL
Q8C9B9,Mus musculus (Mouse),Symmetric dimethylarginine,2004,PYGGPRGPAPF
Q8C9B9,Mus musculus (Mouse),Symmetric dimethylarginine,2019,EQPPSRFHFQG
Q8C9B9,Mus musculus (Mouse),Symmetric dimethylarginine,2035,VKPPPRPLLEL
Q8CCS6,Mus musculus (Mouse),Symmetric dimethylarginine,234,DESLFRGRQIK
Q8CCS6,Mus musculus (Mouse),Symmetric dimethylarginine,255,ISTTDRGFPRS
Q8CCS6,Mus musculus (Mouse),Symmetric dimethylarginine,259,DRGFPRSRYRA
Q8CCS6,Mus musculus (Mouse),Symmetric dimethylarginine,261,GFPRSRYRART
Q8CCS6,Mus musculus (Mouse),Symmetric dimethylarginine,263,PRSRYRARTTN
Q8CCS6,Mus musculus (Mouse),Symmetric dimethylarginine,265,SRYRARTTNYN
Q8CCS6,Mus musculus (Mouse),Symmetric dimethylarginine,273,NYNSSRSRFYS
Q8CCS6,Mus musculus (Mouse),Symmetric dimethylarginine,275,NSSRSRFYSGF
Q8CCS6,Mus musculus (Mouse),Symmetric dimethylarginine,283,SGFNSRPRGRI
Q8CCS6,Mus musculus (Mouse),Symmetric dimethylarginine,285,FNSRPRGRIYR
Q8CCS6,Mus musculus (Mouse),Symmetric dimethylarginine,287,SRPRGRIYRGR
Q8CCS6,Mus musculus (Mouse),Symmetric dimethylarginine,290,RGRIYRGRARA
Q8CCS6,Mus musculus (Mouse),Symmetric dimethylarginine,292,RIYRGRARATS
Q8CCS6,Mus musculus (Mouse),Symmetric dimethylarginine,294,YRGRARATSWY
Q8CDG1,Mus musculus (Mouse),Symmetric dimethylarginine,45,AGPAGRGLVFR
Q8CDG1,Mus musculus (Mouse),Symmetric dimethylarginine,74,LVSMFRGMGLD
Q8CDG1,Mus musculus (Mouse),Symmetric dimethylarginine,83,LDTAFRPPSKR
Q8CDG1,Mus musculus (Mouse),Symmetric dimethylarginine,95,VPPLGRGVLGR
Q8CDG1,Mus musculus (Mouse),Symmetric dimethylarginine,100,RGVLGRGLSAN
Q8CDG1,Mus musculus (Mouse),Symmetric dimethylarginine,144,SRMLGRGSSEV
Q8CDG1,Mus musculus (Mouse),Symmetric dimethylarginine,156,LLPLGRAASSI
Q8CDG1,Mus musculus (Mouse),Symmetric dimethylarginine,163,ASSIGRGMDKP
Q8CDG1,Mus musculus (Mouse),Symmetric dimethylarginine,549,SNELTRWGLSL
Q8CGF7,Mus musculus (Mouse),Symmetric dimethylarginine,28,QQQALRFRGPA
Q8CGF7,Mus musculus (Mouse),Symmetric dimethylarginine,30,QALRFRGPAPP
Q8CGF7,Mus musculus (Mouse),Symmetric dimethylarginine,41,PNAVMRGPPPL
Q8CGF7,Mus musculus (Mouse),Symmetric dimethylarginine,48,PPPLMRPPPPF
Q8CHY6,Mus musculus (Mouse),Symmetric dimethylarginine,536,SATAPRGVLHT
Q8CIE2,Mus musculus (Mouse),Symmetric dimethylarginine,245,LYAGQRLPQHG
Q8CIE2,Mus musculus (Mouse),Symmetric dimethylarginine,262,GQPLPRQGIKR
Q8K1I7,Mus musculus (Mouse),Symmetric dimethylarginine,33,TEQAGRNALLS
Q8K341,Mus musculus (Mouse),Symmetric dimethylarginine,305,PHPTARLLLAT
Q8K4P0,Mus musculus (Mouse),Symmetric dimethylarginine,909,LGDGPRAPFNQ
Q8K4P0,Mus musculus (Mouse),Symmetric dimethylarginine,1309,GSNWGRGSNMN
Q8R3P2,Mus musculus (Mouse),Symmetric dimethylarginine,213,GPVSGRYRHSM
Q8R3P2,Mus musculus (Mouse),Symmetric dimethylarginine,215,VSGRYRHSMTN
Q8R3P2,Mus musculus (Mouse),Symmetric dimethylarginine,232,PQAPHRTTTVS
Q8R5H6,Mus musculus (Mouse),Symmetric dimethylarginine,341,STSSLRASMTS
Q8VC31,Mus musculus (Mouse),Symmetric dimethylarginine,129,GGRGRRGRGRG
Q8VC31,Mus musculus (Mouse),Symmetric dimethylarginine,131,RGRRGRGRGSP
Q8VC31,Mus musculus (Mouse),Symmetric dimethylarginine,133,RRGRGRGSPHL
Q8VDM6,Mus musculus (Mouse),Symmetric dimethylarginine,639,PPGGNRGGFQN
Q8VDM6,Mus musculus (Mouse),Symmetric dimethylarginine,645,GGFQNRGGGGG
Q8VDM6,Mus musculus (Mouse),Symmetric dimethylarginine,659,GGGNYRGGFNR
Q8VEK3,Mus musculus (Mouse),Symmetric dimethylarginine,691,GGFNMRGGNFR
Q8VEK3,Mus musculus (Mouse),Symmetric dimethylarginine,696,RGGNFRGGAPG
Q8VEK3,Mus musculus (Mouse),Symmetric dimethylarginine,703,GAPGNRGGYNR
Q8VEK3,Mus musculus (Mouse),Symmetric dimethylarginine,709,GGYNRRGNMPQ
Q8VEK3,Mus musculus (Mouse),Symmetric dimethylarginine,715,GNMPQRGGGGG
Q8VEK3,Mus musculus (Mouse),Symmetric dimethylarginine,730,GYPYPRGPVFP
Q8VEK3,Mus musculus (Mouse),Symmetric dimethylarginine,737,PVFPGRGGYSN
Q8VIJ6,Mus musculus (Mouse),Symmetric dimethylarginine,9,DRFRSRGGGGG
Q91V09,Mus musculus (Mouse),Symmetric dimethylarginine,114,RRSVSRGSYQL
Q91WT8,Mus musculus (Mouse),Symmetric dimethylarginine,396,RTPGPRGSYLG
Q91WT8,Mus musculus (Mouse),Symmetric dimethylarginine,407,GYSAGRGIYSR
Q91ZP9,Mus musculus (Mouse),Symmetric dimethylarginine,42,RMGEPRAPLVP
Q921N8,Mus musculus (Mouse),Symmetric dimethylarginine,312,SQPGPRLPFIQ
Q921N8,Mus musculus (Mouse),Symmetric dimethylarginine,323,HSQNPRFYHK
Q924A2,Mus musculus (Mouse),Symmetric dimethylarginine,1768,PTTSIRFTLPP
Q99020,Mus musculus (Mouse),Symmetric dimethylarginine,275,GKSQRRGGHQN
Q99JX7,Mus musculus (Mouse),Symmetric dimethylarginine,41,NRRSGRGGSGV
Q99MD6,Mus musculus (Mouse),Symmetric dimethylarginine,34,RLGAVRGGLMS
Q99PP7,Mus musculus (Mouse),Symmetric dimethylarginine,531,NLAQLRLQHMQ
Q99PP7,Mus musculus (Mouse),Symmetric dimethylarginine,593,VQTMQRGNMNC
Q99PP7,Mus musculus (Mouse),Symmetric dimethylarginine,607,QAHQMRLAQNA
Q99PP7,Mus musculus (Mouse),Symmetric dimethylarginine,614,AQNAARIPGIP
Q99PP7,Mus musculus (Mouse),Symmetric dimethylarginine,620,IPGIPRHSAPQ
Q99PV8,Mus musculus (Mouse),Symmetric dimethylarginine,322,FSPPPRHHLDP
Q9CX86,Mus musculus (Mouse),Symmetric dimethylarginine,293,NSGPYRGGYGG
Q9CXY6,Mus musculus (Mouse),Symmetric dimethylarginine,16,GRFGSRGGPGG
Q9D011,Mus musculus (Mouse),Symmetric dimethylarginine,36,LGGGPRPPSPR
Q9D011,Mus musculus (Mouse),Symmetric dimethylarginine,58,CGPRARPYGSS
Q9D011,Mus musculus (Mouse),Symmetric dimethylarginine,67,SSQSPRHGGNF
Q9D011,Mus musculus (Mouse),Symmetric dimethylarginine,76,NFSGARFGSPS
Q9DBR0,Mus musculus (Mouse),Symmetric dimethylarginine,109,SKEGGRGGISS
Q9DBR1,Mus musculus (Mouse),Symmetric dimethylarginine,824,GHVTPRGSGTS
Q9DBR1,Mus musculus (Mouse),Symmetric dimethylarginine,847,QGNNYRPLLRG
Q9DBR1,Mus musculus (Mouse),Symmetric dimethylarginine,851,YRPLLRGQAQI
Q9DBR1,Mus musculus (Mouse),Symmetric dimethylarginine,880,LFQQHRFERSV
Q9DBR1,Mus musculus (Mouse),Symmetric dimethylarginine,883,QHRFERSVGAE
Q9DBR1,Mus musculus (Mouse),Symmetric dimethylarginine,947,PPPSGRYSWN
Q9ERU9,Mus musculus (Mouse),Symmetric dimethylarginine,944,YGPPLRFESPA
Q9ERU9,Mus musculus (Mouse),Symmetric dimethylarginine,1015,QGEVIRPPLTT
Q9JJ43,Mus musculus (Mouse),Symmetric dimethylarginine,316,GYAAYRYAQPT
Q9JJW6,Mus musculus (Mouse),Symmetric dimethylarginine,24,QRRVNRGGGPR
Q9JJW6,Mus musculus (Mouse),Symmetric dimethylarginine,32,GPRRNRPAIAR
Q9JJW6,Mus musculus (Mouse),Symmetric dimethylarginine,37,RPAIARGGRNR
Q9JJW6,Mus musculus (Mouse),Symmetric dimethylarginine,40,IARGGRNRPAP
Q9JJW6,Mus musculus (Mouse),Symmetric dimethylarginine,166,AQSGNRGGMTR
Q9JJW6,Mus musculus (Mouse),Symmetric dimethylarginine,171,RGGMTRSRGSG
Q9JJW6,Mus musculus (Mouse),Symmetric dimethylarginine,173,GMTRSRGSGGF
Q9JJW6,Mus musculus (Mouse),Symmetric dimethylarginine,181,GGFGGRGSQGR
Q9JJW6,Mus musculus (Mouse),Symmetric dimethylarginine,186,RGSQGRGRGTG
Q9JJW6,Mus musculus (Mouse),Symmetric dimethylarginine,188,SQGRGRGTGRN
Q9JMB7,Mus musculus (Mouse),Symmetric dimethylarginine,14,ARGRARGQETV
Q9JMB7,Mus musculus (Mouse),Symmetric dimethylarginine,53,GRGRQRGMVVG
Q9QX47,Mus musculus (Mouse),Symmetric dimethylarginine,1002,SYAAERSMMSS
Q9QX47,Mus musculus (Mouse),Symmetric dimethylarginine,1017,MMSYERSMMSP
Q9QYS9,Mus musculus (Mouse),Symmetric dimethylarginine,242,PPAALRTPTPA
Q9R0L7,Mus musculus (Mouse),Symmetric dimethylarginine,209,DPMGARGQCMP
Q9WU42,Mus musculus (Mouse),Symmetric dimethylarginine,18,RAAEPRYPPHG
Q9WU42,Mus musculus (Mouse),Symmetric dimethylarginine,1624,AYYLPRHLAPS
Q9WUU8,Mus musculus (Mouse),Symmetric dimethylarginine,584,DWSQIRYPPPP
Q9WUU8,Mus musculus (Mouse),Symmetric dimethylarginine,612,PEYTWRPPCAG
Q9Z108,Mus musculus (Mouse),Symmetric dimethylarginine,20,YSYGMRGGAYP
Q9Z108,Mus musculus (Mouse),Symmetric dimethylarginine,27,GAYPPRYFYPF
Q9Z1Y4,Mus musculus (Mouse),Symmetric dimethylarginine,25,GRSLPRGALGP
