Entry,Organism,Modified residue,Negative_R_position,Negative_sequence
A2AGH6,Mus musculus (Mouse),Symmetric dimethylarginine,388,SLTDSRIKTGS
A2AGH6,Mus musculus (Mouse),Symmetric dimethylarginine,820,KRRRNRPEAFP
A2AGH6,Mus musculus (Mouse),Symmetric dimethylarginine,2102,QQQMLRQQQQQ
A2AGH6,Mus musculus (Mouse),Symmetric dimethylarginine,633,GAPGPRPPSPF
A2AGH6,Mus musculus (Mouse),Symmetric dimethylarginine,586,MLTDPRSESER
A2AGH6,Mus musculus (Mouse),Symmetric dimethylarginine,1735,THLRPRPRAYY
A2AGH6,Mus musculus (Mouse),Symmetric dimethylarginine,1715,VRVDRRVARGE
A2AGH6,Mus musculus (Mouse),Symmetric dimethylarginine,432,QQIKERGQAVE
A2AGH6,Mus musculus (Mouse),Symmetric dimethylarginine,754,HECNQRLVVLF
A2AIV2,Mus musculus (Mouse),Symmetric dimethylarginine,1162,LQEIVRSFSGT
A2AIV2,Mus musculus (Mouse),Symmetric dimethylarginine,446,LQVAFRQPIAL
A2AIV2,Mus musculus (Mouse),Symmetric dimethylarginine,596,DAVLERANPDY
A2AIV2,Mus musculus (Mouse),Symmetric dimethylarginine,1623,PPPRGRGRGGF
A2AIV2,Mus musculus (Mouse),Symmetric dimethylarginine,1748,QSNFNRGPLPP
A2AIV2,Mus musculus (Mouse),Symmetric dimethylarginine,1613,IEPAKRAHVVP
A2AIV2,Mus musculus (Mouse),Symmetric dimethylarginine,343,YDPYDRELAPL
A2AIV2,Mus musculus (Mouse),Symmetric dimethylarginine,1178,QHMLRRICVQL
A2AIV2,Mus musculus (Mouse),Symmetric dimethylarginine,57,GLPDNRAYGET
A2AIV2,Mus musculus (Mouse),Symmetric dimethylarginine,1633,FGQGIRPHDIF
A2AIV2,Mus musculus (Mouse),Symmetric dimethylarginine,1686,QKISSRGGFSG
A2AIV2,Mus musculus (Mouse),Symmetric dimethylarginine,1647,KQNTSRPPSMH
A2AJA9,Mus musculus (Mouse),Symmetric dimethylarginine,488,SSPEGRRPPVV
A2AJA9,Mus musculus (Mouse),Symmetric dimethylarginine,160,RGGPGRIAPLC
A2AJA9,Mus musculus (Mouse),Symmetric dimethylarginine,407,ADWGPRPYRTL
A2AJK6,Mus musculus (Mouse),Symmetric dimethylarginine,887,RSTDDRGEPVI
A2AJK6,Mus musculus (Mouse),Symmetric dimethylarginine,2052,RIELLRKIREQ
A2AJK6,Mus musculus (Mouse),Symmetric dimethylarginine,624,NQELRRNSLDV
A2ASS6,Mus musculus (Mouse),Symmetric dimethylarginine,19720,IRILARVKGRP
A2ASS6,Mus musculus (Mouse),Symmetric dimethylarginine,2543,KIKIIRGLRDL
A2ASS6,Mus musculus (Mouse),Symmetric dimethylarginine,17330,KRDASRKKSEW
A2BH40,Mus musculus (Mouse),Symmetric dimethylarginine,1567,VPPMTRPPPSN
A2BH40,Mus musculus (Mouse),Symmetric dimethylarginine,1987,VSNTIRSLSFV
A2BH40,Mus musculus (Mouse),Symmetric dimethylarginine,1277,VAMGPRQHYPY
D3YXK2,Mus musculus (Mouse),Symmetric dimethylarginine,643,DSESRRERERS
D3YXK2,Mus musculus (Mouse),Symmetric dimethylarginine,464,VVTNARSPGAR
D3YXK2,Mus musculus (Mouse),Symmetric dimethylarginine,703,EQERRREQERI
D3YXK2,Mus musculus (Mouse),Symmetric dimethylarginine,791,RREGSRSMMGD
D3YXK2,Mus musculus (Mouse),Symmetric dimethylarginine,423,REEKGRSSCGR
D3YXK2,Mus musculus (Mouse),Symmetric dimethylarginine,717,REELRRQQELR
D3YXK2,Mus musculus (Mouse),Symmetric dimethylarginine,415,DSDTKRLSREE
D3YXK2,Mus musculus (Mouse),Symmetric dimethylarginine,450,KNLFSRYGKVV
D3YXK2,Mus musculus (Mouse),Symmetric dimethylarginine,670,RLEIARERLAF
D3YXK2,Mus musculus (Mouse),Symmetric dimethylarginine,848,GEHGRRLEDDR
D3YXK2,Mus musculus (Mouse),Symmetric dimethylarginine,331,GTGMDREPVGL
D3YXK2,Mus musculus (Mouse),Symmetric dimethylarginine,302,ESPSTRCQWSE
D3YZU1,Mus musculus (Mouse),Symmetric dimethylarginine,1285,APPGPRLRHSK
D3YZU1,Mus musculus (Mouse),Symmetric dimethylarginine,496,SPRGARARSPS
D3YZU1,Mus musculus (Mouse),Symmetric dimethylarginine,369,RILLYRGANKD
F6ZDS4,Mus musculus (Mouse),Symmetric dimethylarginine,1028,NDLKERLKTST
F6ZDS4,Mus musculus (Mouse),Symmetric dimethylarginine,541,MKEIQRLQEDT
F6ZDS4,Mus musculus (Mouse),Symmetric dimethylarginine,575,LSQQIRVLLME
F6ZDS4,Mus musculus (Mouse),Symmetric dimethylarginine,1040,NVEQYRAMVTS
F6ZDS4,Mus musculus (Mouse),Symmetric dimethylarginine,287,LLALGREKGNE
F6ZDS4,Mus musculus (Mouse),Symmetric dimethylarginine,811,VEGYRREITSL
F6ZDS4,Mus musculus (Mouse),Symmetric dimethylarginine,116,DCLKGRHEKFK
F6ZDS4,Mus musculus (Mouse),Symmetric dimethylarginine,13,SRSGHRGVPMT
F6ZDS4,Mus musculus (Mouse),Symmetric dimethylarginine,134,FEIEKRLSQSQ
O08583,Mus musculus (Mouse),Symmetric dimethylarginine,224,GGSRGRGRGTG
O08583,Mus musculus (Mouse),Symmetric dimethylarginine,173,VPLDGRPMNIQ
O08583,Mus musculus (Mouse),Symmetric dimethylarginine,63,RPAIARGAAGG
O08583,Mus musculus (Mouse),Symmetric dimethylarginine,78,PAPYSRPKQLP
O08583,Mus musculus (Mouse),Symmetric dimethylarginine,201,RGGMTRNRGSG
O08583,Mus musculus (Mouse),Symmetric dimethylarginine,188,QIDTQRRPAQS
O08583,Mus musculus (Mouse),Symmetric dimethylarginine,214,GGGGTRRGTRG
O08583,Mus musculus (Mouse),Symmetric dimethylarginine,70,AAGGGRNRPAP
O08583,Mus musculus (Mouse),Symmetric dimethylarginine,189,IDTQRRPAQSI
O35144,Mus musculus (Mouse),Symmetric dimethylarginine,117,AFRSSRYRDFR
O35144,Mus musculus (Mouse),Symmetric dimethylarginine,147,VSRLLRVMQCL
O35144,Mus musculus (Mouse),Symmetric dimethylarginine,114,ALRAFRSSRYR
O55201,Mus musculus (Mouse),Symmetric dimethylarginine,608,GPHSGREGEIR
O55201,Mus musculus (Mouse),Symmetric dimethylarginine,761,TSTYGRTPMYG
O55201,Mus musculus (Mouse),Symmetric dimethylarginine,336,KRPPQRLFDAE
O55201,Mus musculus (Mouse),Symmetric dimethylarginine,467,PAQELRKYFKM
O55201,Mus musculus (Mouse),Symmetric dimethylarginine,69,PPKKPRHGGFI
O55201,Mus musculus (Mouse),Symmetric dimethylarginine,414,STGKEREHNFQ
O55201,Mus musculus (Mouse),Symmetric dimethylarginine,694,SRGRGRRDNEL
O55201,Mus musculus (Mouse),Symmetric dimethylarginine,613,REGEIRHLYRS
O55201,Mus musculus (Mouse),Symmetric dimethylarginine,492,TGLIVRVEENF
O70133,Mus musculus (Mouse),Symmetric dimethylarginine,231,RRIFAREHGSN
O70133,Mus musculus (Mouse),Symmetric dimethylarginine,39,FMCEVRVEGFN
O70133,Mus musculus (Mouse),Symmetric dimethylarginine,483,ESILPRPHASI
O70133,Mus musculus (Mouse),Symmetric dimethylarginine,1141,IRQISRPSAAG
O70133,Mus musculus (Mouse),Symmetric dimethylarginine,436,FIQNDRAAECN
O70133,Mus musculus (Mouse),Symmetric dimethylarginine,865,LPIEPRFGKMM
O70133,Mus musculus (Mouse),Symmetric dimethylarginine,1175,NGSGYRRGYGG
O70133,Mus musculus (Mouse),Symmetric dimethylarginine,1331,SQGGYRNNFGG
O70133,Mus musculus (Mouse),Symmetric dimethylarginine,463,RVAYERGEEPG
O70133,Mus musculus (Mouse),Symmetric dimethylarginine,913,NFAGNRFSDHV
O70133,Mus musculus (Mouse),Symmetric dimethylarginine,698,PREEQRKVFDP
O70133,Mus musculus (Mouse),Symmetric dimethylarginine,1105,ACITIRAAMEA
O70133,Mus musculus (Mouse),Symmetric dimethylarginine,227,KQLGRRIFARE
O70133,Mus musculus (Mouse),Symmetric dimethylarginine,518,DEIHERDINTD
O70133,Mus musculus (Mouse),Symmetric dimethylarginine,940,EEAEIRFCEQK
O70133,Mus musculus (Mouse),Symmetric dimethylarginine,387,SVLQERELLPV
O70133,Mus musculus (Mouse),Symmetric dimethylarginine,1020,LTTEGRNALIH
O70133,Mus musculus (Mouse),Symmetric dimethylarginine,24,PAYEIRAVGNK
O70133,Mus musculus (Mouse),Symmetric dimethylarginine,1054,EKIRTRAISAK
O70133,Mus musculus (Mouse),Symmetric dimethylarginine,568,IEVYGRTFPVQ
O70133,Mus musculus (Mouse),Symmetric dimethylarginine,71,VNYLVRINEVK
O70133,Mus musculus (Mouse),Symmetric dimethylarginine,476,CGYSVRFESIL
O70133,Mus musculus (Mouse),Symmetric dimethylarginine,855,LTPLGRILAKL
O70133,Mus musculus (Mouse),Symmetric dimethylarginine,763,TNLEQRKGRAG
O70161,Mus musculus (Mouse),Symmetric dimethylarginine,234,GGKNIRVVVMN
O70161,Mus musculus (Mouse),Symmetric dimethylarginine,244,NNVLPRVVKMH
O70161,Mus musculus (Mouse),Symmetric dimethylarginine,367,QGGAARGEAIE
O70305,Mus musculus (Mouse),Symmetric dimethylarginine,604,HPRNHRVSAGR
O70305,Mus musculus (Mouse),Symmetric dimethylarginine,552,AATHTRPPSRP
O70305,Mus musculus (Mouse),Symmetric dimethylarginine,513,AGSDQRVVNGG
O88569,Mus musculus (Mouse),Symmetric dimethylarginine,325,NFGGSRNMGGP
O88569,Mus musculus (Mouse),Symmetric dimethylarginine,38,TEESLRNYYEQ
O88569,Mus musculus (Mouse),Symmetric dimethylarginine,190,RKALSRQEMQE
O88569,Mus musculus (Mouse),Symmetric dimethylarginine,99,KRAVAREESGK
O88569,Mus musculus (Mouse),Symmetric dimethylarginine,238,GYGSGRGFGDG
O88569,Mus musculus (Mouse),Symmetric dimethylarginine,129,EEHHLRDYFEE
O88569,Mus musculus (Mouse),Symmetric dimethylarginine,147,EIITDRQSGKK
O88569,Mus musculus (Mouse),Symmetric dimethylarginine,60,DPASKRSRGFG
O88569,Mus musculus (Mouse),Symmetric dimethylarginine,12,TVPLERKKREK
O88737,Mus musculus (Mouse),Symmetric dimethylarginine,3445,AEEDERMYGSS
O88737,Mus musculus (Mouse),Symmetric dimethylarginine,3674,EEPGRRAAKPH
O88737,Mus musculus (Mouse),Symmetric dimethylarginine,1848,GAEPHRATPAE
O88737,Mus musculus (Mouse),Symmetric dimethylarginine,2766,PGALGRFEKKK
O88737,Mus musculus (Mouse),Symmetric dimethylarginine,1099,QRRRERSKTPP
O88737,Mus musculus (Mouse),Symmetric dimethylarginine,939,LQGGLRRFKTI
O88737,Mus musculus (Mouse),Symmetric dimethylarginine,3654,SAKEHRHHSDH
O88737,Mus musculus (Mouse),Symmetric dimethylarginine,2372,ASQEDRQRKQQ
O88737,Mus musculus (Mouse),Symmetric dimethylarginine,3006,KDRGGRDYPPL
O88737,Mus musculus (Mouse),Symmetric dimethylarginine,3618,SSSQKRGPARH
O88737,Mus musculus (Mouse),Symmetric dimethylarginine,3339,YRHGARADKYG
O88737,Mus musculus (Mouse),Symmetric dimethylarginine,1287,RQASSRDLGFT
O88935,Mus musculus (Mouse),Symmetric dimethylarginine,328,YKAYMRTSVSG
O88935,Mus musculus (Mouse),Symmetric dimethylarginine,194,AFSMARNGDYR
O88935,Mus musculus (Mouse),Symmetric dimethylarginine,631,PGPAGRPAKPQ
O89086,Mus musculus (Mouse),Symmetric dimethylarginine,97,GAFGGRGRSYS
O89086,Mus musculus (Mouse),Symmetric dimethylarginine,141,QGGYDRYSGGN
O89086,Mus musculus (Mouse),Symmetric dimethylarginine,130,GYGRSRDYSGS
P02340,Mus musculus (Mouse),Symmetric dimethylarginine,206,EYLEDRQTFRH
P02340,Mus musculus (Mouse),Symmetric dimethylarginine,245,MGGMNRRPILT
P02340,Mus musculus (Mouse),Symmetric dimethylarginine,62,PSEALRVSGAP
P02340,Mus musculus (Mouse),Symmetric dimethylarginine,264,GNLLGRDSFEV
P02340,Mus musculus (Mouse),Symmetric dimethylarginine,279,CPGRDRRTEEE
P02340,Mus musculus (Mouse),Symmetric dimethylarginine,172,TEVVRRCPHHE
P02535,Mus musculus (Mouse),Symmetric dimethylarginine,464,GGGGGRRGGSG
P02535,Mus musculus (Mouse),Symmetric dimethylarginine,243,NEVTLRQSVEA
P02535,Mus musculus (Mouse),Symmetric dimethylarginine,320,LLNNMRNQYEQ
P08551,Mus musculus (Mouse),Symmetric dimethylarginine,196,RLMEARKGADE
P08551,Mus musculus (Mouse),Symmetric dimethylarginine,100,QDLNDRFASFI
P08551,Mus musculus (Mouse),Symmetric dimethylarginine,107,ASFIERVHELE
P09405,Mus musculus (Mouse),Symmetric dimethylarginine,392,DSKKVRAARTL
P09405,Mus musculus (Mouse),Symmetric dimethylarginine,344,AVVDVRTGTNR
P09405,Mus musculus (Mouse),Symmetric dimethylarginine,475,GQRQERTGKTS
P09405,Mus musculus (Mouse),Symmetric dimethylarginine,472,GEKGQRQERTG
P09405,Mus musculus (Mouse),Symmetric dimethylarginine,395,KVRAARTLLAK
P09405,Mus musculus (Mouse),Symmetric dimethylarginine,459,AEIDGRSVSLY
P09405,Mus musculus (Mouse),Symmetric dimethylarginine,386,EKPKGRDSKKV
P09405,Mus musculus (Mouse),Symmetric dimethylarginine,282,AAPGKRKKEMT
P09405,Mus musculus (Mouse),Symmetric dimethylarginine,552,MEIEGRTIRLE
P09405,Mus musculus (Mouse),Symmetric dimethylarginine,555,EGRTIRLELQG
P09405,Mus musculus (Mouse),Symmetric dimethylarginine,596,GSVRARIVTDR
P09405,Mus musculus (Mouse),Symmetric dimethylarginine,594,FEGSVRARIVT
P09405,Mus musculus (Mouse),Symmetric dimethylarginine,422,DAMEIRLVSQD
P09405,Mus musculus (Mouse),Symmetric dimethylarginine,349,RTGTNRKFGYV
P09405,Mus musculus (Mouse),Symmetric dimethylarginine,601,RIVTDRETGSS
P09405,Mus musculus (Mouse),Symmetric dimethylarginine,564,QGSNSRSQPSK
P0CG14,Mus musculus (Mouse),Symmetric dimethylarginine,178,CGPNMRAGVLS
P0CG14,Mus musculus (Mouse),Symmetric dimethylarginine,61,LAPFPRNAAPF
P0CG14,Mus musculus (Mouse),Symmetric dimethylarginine,438,PAAFPRSAGPL
P11679,Mus musculus (Mouse),Symmetric dimethylarginine,94,NIQAVRTQEKE
P11679,Mus musculus (Mouse),Symmetric dimethylarginine,239,HEEEIRELQSQ
P11679,Mus musculus (Mouse),Symmetric dimethylarginine,231,EINFLRQIHEE
P17095,Mus musculus (Mouse),Symmetric dimethylarginine,28,KRGRGRPRKQP
P17095,Mus musculus (Mouse),Symmetric dimethylarginine,24,DGTEKRGRGRP
P17095,Mus musculus (Mouse),Symmetric dimethylarginine,86,RKPRGRPKKLE
P17095,Mus musculus (Mouse),Symmetric dimethylarginine,56,VPTPKRPRGRP
P17095,Mus musculus (Mouse),Symmetric dimethylarginine,84,PGRKPRGRPKK
P17095,Mus musculus (Mouse),Symmetric dimethylarginine,73,GAAKTRKVTTA
P17095,Mus musculus (Mouse),Symmetric dimethylarginine,81,TTAPGRKPRGR
P17095,Mus musculus (Mouse),Symmetric dimethylarginine,30,GRGRPRKQPPV
P19001,Mus musculus (Mouse),Symmetric dimethylarginine,162,QIDNARLAADD
P19001,Mus musculus (Mouse),Symmetric dimethylarginine,303,EVTDLRRTLQG
P19001,Mus musculus (Mouse),Symmetric dimethylarginine,256,ILSEMRSQYEI
P27048,Mus musculus (Mouse),Symmetric dimethylarginine,147,MTPQGRGTVAA
P27048,Mus musculus (Mouse),Symmetric dimethylarginine,209,GLPPGRGTPMG
P27048,Mus musculus (Mouse),Symmetric dimethylarginine,49,DCDEFRKIKPK
P27048,Mus musculus (Mouse),Symmetric dimethylarginine,18,IDYRMRCILQD
P27048,Mus musculus (Mouse),Symmetric dimethylarginine,172,QYPPGRGGPPP
P27048,Mus musculus (Mouse),Symmetric dimethylarginine,196,PPPGMRPPMGP
P29341,Mus musculus (Mouse),Symmetric dimethylarginine,309,GIDDERLRKEF
P29341,Mus musculus (Mouse),Symmetric dimethylarginine,385,NQYMQRMASVR
P29341,Mus musculus (Mouse),Symmetric dimethylarginine,44,SIRVCRDMITR
P30658,Mus musculus (Mouse),Symmetric dimethylarginine,138,RGPRGRETHPV
P30658,Mus musculus (Mouse),Symmetric dimethylarginine,437,APGEGRKPPAL
P30658,Mus musculus (Mouse),Symmetric dimethylarginine,361,VGLLARHAPAK
P31001,Mus musculus (Mouse),Symmetric dimethylarginine,435,TSPEQRGSEVH
P31001,Mus musculus (Mouse),Symmetric dimethylarginine,374,LEEEIRHLKDE
P31001,Mus musculus (Mouse),Symmetric dimethylarginine,52,SSMTSRVYQVS
P35922,Mus musculus (Mouse),Symmetric dimethylarginine,561,SRTDNRPRNPR
P35922,Mus musculus (Mouse),Symmetric dimethylarginine,85,WLAKVRMIKGE
P35922,Mus musculus (Mouse),Symmetric dimethylarginine,476,GSRPYRNRGHG
P35922,Mus musculus (Mouse),Symmetric dimethylarginine,586,SSEGSRLRTGK
P35922,Mus musculus (Mouse),Symmetric dimethylarginine,478,RPYRNRGHGRR
P35922,Mus musculus (Mouse),Symmetric dimethylarginine,226,EQFIVREDLMG
P35922,Mus musculus (Mouse),Symmetric dimethylarginine,218,RQLASRFHEQF
P35922,Mus musculus (Mouse),Symmetric dimethylarginine,593,RTGKDRNQKKE
P35922,Mus musculus (Mouse),Symmetric dimethylarginine,290,VIQVPRNLVGK
P35922,Mus musculus (Mouse),Symmetric dimethylarginine,430,EVDQLRLERLQ
P35922,Mus musculus (Mouse),Symmetric dimethylarginine,482,NRGHGRRGPGY
P35922,Mus musculus (Mouse),Symmetric dimethylarginine,180,EVTSKRAHMLI
P45481,Mus musculus (Mouse),Symmetric dimethylarginine,2038,MPGMPRPVMSM
P45481,Mus musculus (Mouse),Symmetric dimethylarginine,1361,GEVFVRVVASS
P45481,Mus musculus (Mouse),Symmetric dimethylarginine,1349,NKFLRRQNHPE
P45481,Mus musculus (Mouse),Symmetric dimethylarginine,588,SSTGVRKGWHE
P45481,Mus musculus (Mouse),Symmetric dimethylarginine,219,AAGRGRGAGMP
P45481,Mus musculus (Mouse),Symmetric dimethylarginine,1379,PGMKSRFVDSG
P47809,Mus musculus (Mouse),Symmetric dimethylarginine,73,NPHIERLRTHS
P47809,Mus musculus (Mouse),Symmetric dimethylarginine,152,LDVVMRSSDCP
P47809,Mus musculus (Mouse),Symmetric dimethylarginine,237,NILLDRSGNIK
P49312,Mus musculus (Mouse),Symmetric dimethylarginine,88,VVEPKRAVSRE
P49312,Mus musculus (Mouse),Symmetric dimethylarginine,53,DPNTKRSRGFG
P49312,Mus musculus (Mouse),Symmetric dimethylarginine,14,EPEQLRKLFIG
P49312,Mus musculus (Mouse),Symmetric dimethylarginine,284,GNFGGRSSGPY
P49312,Mus musculus (Mouse),Symmetric dimethylarginine,319,YGSGRRF
P49312,Mus musculus (Mouse),Symmetric dimethylarginine,196,SSQRGRSGSGN
P49312,Mus musculus (Mouse),Symmetric dimethylarginine,318,SYGSGRRF
P49312,Mus musculus (Mouse),Symmetric dimethylarginine,82,HKVDGRVVEPK
P49312,Mus musculus (Mouse),Symmetric dimethylarginine,55,NTKRSRGFGFV
P49312,Mus musculus (Mouse),Symmetric dimethylarginine,140,EIMTDRGSGKK
P49312,Mus musculus (Mouse),Symmetric dimethylarginine,75,AAMNARPHKVD
P49312,Mus musculus (Mouse),Symmetric dimethylarginine,300,YFAKPRNQGGY
P49312,Mus musculus (Mouse),Symmetric dimethylarginine,92,KRAVSREDSQR
P49312,Mus musculus (Mouse),Symmetric dimethylarginine,122,EEHHLRDYFEQ
P49312,Mus musculus (Mouse),Symmetric dimethylarginine,31,TDESLRSHFEQ
P56959,Mus musculus (Mouse),Symmetric dimethylarginine,516,QDRRERPY
P56959,Mus musculus (Mouse),Symmetric dimethylarginine,321,NLYTDRETGKL
P56959,Mus musculus (Mouse),Symmetric dimethylarginine,365,SFATRRADFNR
P56959,Mus musculus (Mouse),Symmetric dimethylarginine,227,GGGYNRSSGGY
P56959,Mus musculus (Mouse),Symmetric dimethylarginine,262,KFGGPRDQGSR
P56959,Mus musculus (Mouse),Symmetric dimethylarginine,415,GGGQQRAGDWK
P56959,Mus musculus (Mouse),Symmetric dimethylarginine,465,NYGDDRRGRGG
P56959,Mus musculus (Mouse),Symmetric dimethylarginine,267,RDQGSRHDSEQ
P56959,Mus musculus (Mouse),Symmetric dimethylarginine,513,EHRQDRRERPY
P56959,Mus musculus (Mouse),Symmetric dimethylarginine,214,GGQQDRGGRGR
P56959,Mus musculus (Mouse),Symmetric dimethylarginine,364,VSFATRRADFN
P56959,Mus musculus (Mouse),Symmetric dimethylarginine,510,SRGEHRQDRRE
P56959,Mus musculus (Mouse),Symmetric dimethylarginine,514,HRQDRRERPY
P56959,Mus musculus (Mouse),Symmetric dimethylarginine,434,MNFSWRNECNQ
P56959,Mus musculus (Mouse),Symmetric dimethylarginine,506,GKMDSRGEHRQ
P59644,Mus musculus (Mouse),Symmetric dimethylarginine,6,MEGQTRSGSAR
P59644,Mus musculus (Mouse),Symmetric dimethylarginine,500,LVSTVRMQGVI
P59644,Mus musculus (Mouse),Symmetric dimethylarginine,871,LAPKSRSPSPG
P59644,Mus musculus (Mouse),Symmetric dimethylarginine,678,PAWTDRILWKV
P59644,Mus musculus (Mouse),Symmetric dimethylarginine,708,TQHSYRSHMEY
P59644,Mus musculus (Mouse),Symmetric dimethylarginine,953,PPSVPRSLGLL
P59644,Mus musculus (Mouse),Symmetric dimethylarginine,880,PGKSKRHRSRS
P59644,Mus musculus (Mouse),Symmetric dimethylarginine,285,PSFRARPEAPR
P59644,Mus musculus (Mouse),Symmetric dimethylarginine,774,WIGLYRVGFRH
P61082,Mus musculus (Mouse),Symmetric dimethylarginine,166,EQNVQRSMRGG
P61082,Mus musculus (Mouse),Symmetric dimethylarginine,33,SAAQLRIQKDI
P61082,Mus musculus (Mouse),Symmetric dimethylarginine,157,VLQNNRRLFEQ
P62482,Mus musculus (Mouse),Symmetric dimethylarginine,366,SKKDYRS
P62482,Mus musculus (Mouse),Symmetric dimethylarginine,34,YGSPKRQLQFY
P62482,Mus musculus (Mouse),Symmetric dimethylarginine,171,MEETVRAMTHV
P62806,Mus musculus (Mouse),Symmetric dimethylarginine,96,LKRQGRTLYGF
P62806,Mus musculus (Mouse),Symmetric dimethylarginine,68,LENVIRDAVTY
P62806,Mus musculus (Mouse),Symmetric dimethylarginine,36,TKPAIRRLARR
P62806,Mus musculus (Mouse),Symmetric dimethylarginine,20,GAKRHRKVLRD
P62806,Mus musculus (Mouse),Symmetric dimethylarginine,56,IYEETRGVLKV
P62806,Mus musculus (Mouse),Symmetric dimethylarginine,79,TEHAKRKTVTA
P62996,Mus musculus (Mouse),Symmetric dimethylarginine,80,SRSHRRSRSRS
P62996,Mus musculus (Mouse),Symmetric dimethylarginine,92,SRDYRRRHSHS
P62996,Mus musculus (Mouse),Symmetric dimethylarginine,111,RHVGNRANPDP
P63163,Mus musculus (Mouse),Symmetric dimethylarginine,221,PPPGMRPPPPG
P63163,Mus musculus (Mouse),Symmetric dimethylarginine,25,ILQDGRIFIGT
P63163,Mus musculus (Mouse),Symmetric dimethylarginine,94,DTGIARVPLAG
P63163,Mus musculus (Mouse),Symmetric dimethylarginine,49,DCDEFRKIKPK
P63163,Mus musculus (Mouse),Symmetric dimethylarginine,73,GLVLLRGENLV
P63163,Mus musculus (Mouse),Symmetric dimethylarginine,239,GMRPPRP
P63325,Mus musculus (Mouse),Symmetric dimethylarginine,105,ETGRPRPKGPE
P63325,Mus musculus (Mouse),Symmetric dimethylarginine,128,DRDTYRRSAVP
P63325,Mus musculus (Mouse),Symmetric dimethylarginine,103,RPETGRPRPKG
P63325,Mus musculus (Mouse),Symmetric dimethylarginine,98,TLRRSRPETGR
P63325,Mus musculus (Mouse),Symmetric dimethylarginine,65,EQFAWRHFYWY
P63325,Mus musculus (Mouse),Symmetric dimethylarginine,119,PARFTRGEADR
P70255,Mus musculus (Mouse),Symmetric dimethylarginine,268,ASAGMRRTLPS
P70255,Mus musculus (Mouse),Symmetric dimethylarginine,187,YFVRERDAEQS
P70255,Mus musculus (Mouse),Symmetric dimethylarginine,25,LLPHVRAFAYT
P70255,Mus musculus (Mouse),Symmetric dimethylarginine,281,SSGSKRHKSGS
P70255,Mus musculus (Mouse),Symmetric dimethylarginine,81,LLAKLRKDIRP
P70255,Mus musculus (Mouse),Symmetric dimethylarginine,345,PQDSPRLSSFT
P70372,Mus musculus (Mouse),Symmetric dimethylarginine,277,NVKVIRDFNTN
P70372,Mus musculus (Mouse),Symmetric dimethylarginine,309,SLNGYRLGDKI
P70372,Mus musculus (Mouse),Symmetric dimethylarginine,85,TLNGLRLQSKT
P97855,Mus musculus (Mouse),Symmetric dimethylarginine,107,NQALRRFMQTF
P97855,Mus musculus (Mouse),Symmetric dimethylarginine,445,MRGPPRGGMVQ
P97855,Mus musculus (Mouse),Symmetric dimethylarginine,464,GITTPRQ
P97855,Mus musculus (Mouse),Symmetric dimethylarginine,414,EEKKTRAAREG
P97855,Mus musculus (Mouse),Symmetric dimethylarginine,458,GFGVGRGITTP
P97855,Mus musculus (Mouse),Symmetric dimethylarginine,294,QIPPQRPQRDQ
Q0VBL3,Mus musculus (Mouse),Symmetric dimethylarginine,255,YVSRRRSRSPL
Q0VBL3,Mus musculus (Mouse),Symmetric dimethylarginine,617,SLDRRRDGWSL
Q0VBL3,Mus musculus (Mouse),Symmetric dimethylarginine,347,YSLEPRVGAGA
Q3TC46,Mus musculus (Mouse),Symmetric dimethylarginine,770,LVQGIR
Q3TC46,Mus musculus (Mouse),Symmetric dimethylarginine,362,LHPQHRRLLHQ
Q3TC46,Mus musculus (Mouse),Symmetric dimethylarginine,494,SVNNPRKMIDA
Q3TC46,Mus musculus (Mouse),Symmetric dimethylarginine,73,TGNGERDEMDL
Q3TC46,Mus musculus (Mouse),Symmetric dimethylarginine,175,ERALPRRSTSP
Q3TC46,Mus musculus (Mouse),Symmetric dimethylarginine,231,APYGERISPNQ
Q3TC46,Mus musculus (Mouse),Symmetric dimethylarginine,516,KEKQVRDKRRK
Q3TC46,Mus musculus (Mouse),Symmetric dimethylarginine,727,TRELLRIPQAA
Q3TC46,Mus musculus (Mouse),Symmetric dimethylarginine,276,QLQPGRMSPSQ
Q3TC46,Mus musculus (Mouse),Symmetric dimethylarginine,133,GSEVLRRIRGP
Q3TC46,Mus musculus (Mouse),Symmetric dimethylarginine,106,DPAIMRAVQTR
Q3TC46,Mus musculus (Mouse),Symmetric dimethylarginine,618,LMATARNLPFL
Q3TLH4,Mus musculus (Mouse),Symmetric dimethylarginine,1317,PTRRGRGGTFR
Q3TLH4,Mus musculus (Mouse),Symmetric dimethylarginine,1125,GIERSRPDSRL
Q3TLH4,Mus musculus (Mouse),Symmetric dimethylarginine,852,QKFLSRSLEDV
Q3TLH4,Mus musculus (Mouse),Symmetric dimethylarginine,2792,GGKTQRVDSDT
Q3TLH4,Mus musculus (Mouse),Symmetric dimethylarginine,466,ERARKRREEEE
Q3TLH4,Mus musculus (Mouse),Symmetric dimethylarginine,898,QPARKRSVSHG
Q3TLH4,Mus musculus (Mouse),Symmetric dimethylarginine,1513,REIAKRSFSSQ
Q3TLH4,Mus musculus (Mouse),Symmetric dimethylarginine,1323,GGTFRRGGRDP
Q3TLH4,Mus musculus (Mouse),Symmetric dimethylarginine,1519,SFSSQRPGVDR
Q3TLH4,Mus musculus (Mouse),Symmetric dimethylarginine,1314,KGEPTRRGRGG
Q3TLH4,Mus musculus (Mouse),Symmetric dimethylarginine,949,KDGFLRSSEGP
Q3TLH4,Mus musculus (Mouse),Symmetric dimethylarginine,1351,NQWNTRQAEPP
Q3TTY5,Mus musculus (Mouse),Symmetric dimethylarginine,460,AIKDARGKLTD
Q3TTY5,Mus musculus (Mouse),Symmetric dimethylarginine,11,SCRSRRGGGGG
Q3TTY5,Mus musculus (Mouse),Symmetric dimethylarginine,323,TELQARLDILA
Q3U7U3,Mus musculus (Mouse),Symmetric dimethylarginine,27,TLGQLRAHLSQ
Q3U7U3,Mus musculus (Mouse),Symmetric dimethylarginine,505,AIPNNRFPFRP
Q3U7U3,Mus musculus (Mouse),Symmetric dimethylarginine,379,RCLYLRDFRDG
Q3UJB0,Mus musculus (Mouse),Symmetric dimethylarginine,832,YEEHVREQQAQ
Q3UJB0,Mus musculus (Mouse),Symmetric dimethylarginine,750,ELIELRKKKIE
Q3UJB0,Mus musculus (Mouse),Symmetric dimethylarginine,774,VLPEKRTATVG
Q60668,Mus musculus (Mouse),Symmetric dimethylarginine,199,PEEKIREYFGG
Q60668,Mus musculus (Mouse),Symmetric dimethylarginine,138,ITGRSRGFGFV
Q60668,Mus musculus (Mouse),Symmetric dimethylarginine,171,VIDPKRAKAMK
Q60749,Mus musculus (Mouse),Symmetric dimethylarginine,4,MQRRDDPAS
Q60749,Mus musculus (Mouse),Symmetric dimethylarginine,56,PRGGARASPAT
Q60749,Mus musculus (Mouse),Symmetric dimethylarginine,159,MKLKERVLIPV
Q60749,Mus musculus (Mouse),Symmetric dimethylarginine,17,TRSSGRSCSKD
Q60749,Mus musculus (Mouse),Symmetric dimethylarginine,442,EHPYGRY
Q60749,Mus musculus (Mouse),Symmetric dimethylarginine,284,EPSRGRGVSVR
Q60749,Mus musculus (Mouse),Symmetric dimethylarginine,31,AHPSVRLTPSR
Q60749,Mus musculus (Mouse),Symmetric dimethylarginine,10,DDPASRLTRSS
Q60749,Mus musculus (Mouse),Symmetric dimethylarginine,346,GAPTPRARTAG
Q60749,Mus musculus (Mouse),Symmetric dimethylarginine,213,KEEELRKGGDP
Q60749,Mus musculus (Mouse),Symmetric dimethylarginine,420,DWNGTRPSLKA
Q60749,Mus musculus (Mouse),Symmetric dimethylarginine,13,ASRLTRSSGRS
Q60865,Mus musculus (Mouse),Symmetric dimethylarginine,658,QFTAPRDYSGY
Q60865,Mus musculus (Mouse),Symmetric dimethylarginine,693,RGGPPRPNRGM
Q60865,Mus musculus (Mouse),Symmetric dimethylarginine,665,YSGYQRDGYQQ
Q61026,Mus musculus (Mouse),Symmetric dimethylarginine,201,HTFNCRMLVKP
Q61026,Mus musculus (Mouse),Symmetric dimethylarginine,328,HHEVLRQGLAF
Q61026,Mus musculus (Mouse),Symmetric dimethylarginine,1259,QQVQQRTLMMR
Q61026,Mus musculus (Mouse),Symmetric dimethylarginine,1459,EGDASRKYC
Q61026,Mus musculus (Mouse),Symmetric dimethylarginine,625,AASGDRAEGHS
Q61026,Mus musculus (Mouse),Symmetric dimethylarginine,261,VPMKERPTLPS
Q61026,Mus musculus (Mouse),Symmetric dimethylarginine,991,ASIPMRANSQP
Q61026,Mus musculus (Mouse),Symmetric dimethylarginine,357,KSKLIRSQTTN
Q61026,Mus musculus (Mouse),Symmetric dimethylarginine,982,QGGMIRNPTAS
Q61026,Mus musculus (Mouse),Symmetric dimethylarginine,32,GPSPKRSTEKR
Q61026,Mus musculus (Mouse),Symmetric dimethylarginine,1436,NDPALRGGNLF
Q61026,Mus musculus (Mouse),Symmetric dimethylarginine,440,GMPMGRFGGSG
Q61026,Mus musculus (Mouse),Symmetric dimethylarginine,254,LICVARRVPMK
Q61026,Mus musculus (Mouse),Symmetric dimethylarginine,974,TGAMNRPVQGG
Q61026,Mus musculus (Mouse),Symmetric dimethylarginine,1088,LYLALRNFDGL
Q61026,Mus musculus (Mouse),Symmetric dimethylarginine,289,DTSTMRAAMKP
Q61026,Mus musculus (Mouse),Symmetric dimethylarginine,39,TEKRNREQENK
Q61026,Mus musculus (Mouse),Symmetric dimethylarginine,148,VTQYLRYNQEE
Q61026,Mus musculus (Mouse),Symmetric dimethylarginine,746,ENALLRYLLDK
Q61026,Mus musculus (Mouse),Symmetric dimethylarginine,19,AETRKRKECPD
Q61026,Mus musculus (Mouse),Symmetric dimethylarginine,1327,PLMSPRMAHTQ
Q61026,Mus musculus (Mouse),Symmetric dimethylarginine,1162,HTMGQRPNYTT
Q61026,Mus musculus (Mouse),Symmetric dimethylarginine,13,TSDPSRAETRK
Q61026,Mus musculus (Mouse),Symmetric dimethylarginine,301,WEDLVRRCIQK
Q61026,Mus musculus (Mouse),Symmetric dimethylarginine,1169,NYTTLRMQPRP
Q61026,Mus musculus (Mouse),Symmetric dimethylarginine,501,VAGSPRIPPSQ
Q61026,Mus musculus (Mouse),Symmetric dimethylarginine,946,GSSTSRPSMPS
Q61026,Mus musculus (Mouse),Symmetric dimethylarginine,17,SRAETRKRKEC
Q61026,Mus musculus (Mouse),Symmetric dimethylarginine,193,GEPPRRSSHTF
Q61026,Mus musculus (Mouse),Symmetric dimethylarginine,81,TVKQIRQIKEQ
Q61026,Mus musculus (Mouse),Symmetric dimethylarginine,906,PFPPIRNSSPY
Q61026,Mus musculus (Mouse),Symmetric dimethylarginine,1238,QMLAQRQREIL
Q61026,Mus musculus (Mouse),Symmetric dimethylarginine,999,SQPGQRQMLQS
Q61062,Mus musculus (Mouse),Symmetric dimethylarginine,461,EGFTDRREARK
Q61062,Mus musculus (Mouse),Symmetric dimethylarginine,354,RSEPIRPIDPA
Q61062,Mus musculus (Mouse),Symmetric dimethylarginine,215,ASRLMRRHKRR
Q61062,Mus musculus (Mouse),Symmetric dimethylarginine,574,HSEGSRSSGSN
Q61062,Mus musculus (Mouse),Symmetric dimethylarginine,145,SAQRERPRRRD
Q61062,Mus musculus (Mouse),Symmetric dimethylarginine,27,PLPAERVTLAD
Q61062,Mus musculus (Mouse),Symmetric dimethylarginine,143,LVSAQRERPRR
Q61062,Mus musculus (Mouse),Symmetric dimethylarginine,168,KGERRREPGGY
Q61062,Mus musculus (Mouse),Symmetric dimethylarginine,39,KGVLQRPSYKF
Q61062,Mus musculus (Mouse),Symmetric dimethylarginine,586,SGSDRRKEKDP
Q61062,Mus musculus (Mouse),Symmetric dimethylarginine,149,ERPRRRDGPEH
Q61062,Mus musculus (Mouse),Symmetric dimethylarginine,619,RGPRERAPSER
Q61191,Mus musculus (Mouse),Symmetric dimethylarginine,2026,KPASKRPMSSP
Q61191,Mus musculus (Mouse),Symmetric dimethylarginine,1052,QFVCDRQETAA
Q61191,Mus musculus (Mouse),Symmetric dimethylarginine,21,QPRWKRVVGWS
Q61545,Mus musculus (Mouse),Symmetric dimethylarginine,445,KVSLARKKPPM
Q61545,Mus musculus (Mouse),Symmetric dimethylarginine,268,QQSSFRQDHPS
Q61545,Mus musculus (Mouse),Symmetric dimethylarginine,613,GFGGGRRGGPG
Q61545,Mus musculus (Mouse),Symmetric dimethylarginine,536,QNFAWRTECNQ
Q61545,Mus musculus (Mouse),Symmetric dimethylarginine,651,HRQERRDRPY
Q61545,Mus musculus (Mouse),Symmetric dimethylarginine,653,QERRDRPY
Q61545,Mus musculus (Mouse),Symmetric dimethylarginine,631,EQMGGRRGGRG
Q61545,Mus musculus (Mouse),Symmetric dimethylarginine,292,GPGENRSLSGP
Q61545,Mus musculus (Mouse),Symmetric dimethylarginine,485,GGPMGRMGGRG
Q61545,Mus musculus (Mouse),Symmetric dimethylarginine,329,LGAGERGGFNK
Q61545,Mus musculus (Mouse),Symmetric dimethylarginine,650,EHRQERRDRPY
Q61545,Mus musculus (Mouse),Symmetric dimethylarginine,647,DKGEHRQERRD
Q61545,Mus musculus (Mouse),Symmetric dimethylarginine,138,ATAPTRPQDGN
Q61545,Mus musculus (Mouse),Symmetric dimethylarginine,391,VKMNKRTGQPM
Q61545,Mus musculus (Mouse),Symmetric dimethylarginine,517,GNVQHRAGDWQ
Q61545,Mus musculus (Mouse),Symmetric dimethylarginine,460,GGMPPREGRGM
Q61548,Mus musculus (Mouse),Symmetric dimethylarginine,24,GSAVARAVCKA
Q61548,Mus musculus (Mouse),Symmetric dimethylarginine,139,KAFSYRQMAFD
Q61548,Mus musculus (Mouse),Symmetric dimethylarginine,246,LTRMTRVSEFL
Q61584,Mus musculus (Mouse),Symmetric dimethylarginine,388,RPSSTRGPERE
Q61584,Mus musculus (Mouse),Symmetric dimethylarginine,465,ETRHQRDSRRR
Q61584,Mus musculus (Mouse),Symmetric dimethylarginine,111,IVTFERLRPVN
Q61584,Mus musculus (Mouse),Symmetric dimethylarginine,415,RSYSGRGRGRR
Q61584,Mus musculus (Mouse),Symmetric dimethylarginine,469,QRDSRRRPGGR
Q61584,Mus musculus (Mouse),Symmetric dimethylarginine,315,KSGVVRVRIEG
Q61584,Mus musculus (Mouse),Symmetric dimethylarginine,459,AGEDDRETRHQ
Q61584,Mus musculus (Mouse),Symmetric dimethylarginine,383,IGMGFRPSSTR
Q61584,Mus musculus (Mouse),Symmetric dimethylarginine,532,HSTNRRRRSRR
Q61701,Mus musculus (Mouse),Symmetric dimethylarginine,236,YQSPNRRYPGP
Q61701,Mus musculus (Mouse),Symmetric dimethylarginine,116,TLNGLRLQTKT
Q61701,Mus musculus (Mouse),Symmetric dimethylarginine,135,SSASIRDANLY
Q61850,Mus musculus (Mouse),Symmetric dimethylarginine,343,YTGAERPAHVC
Q61850,Mus musculus (Mouse),Symmetric dimethylarginine,120,WQNSIRHNLSL
Q61850,Mus musculus (Mouse),Symmetric dimethylarginine,165,FLRRRRRFKKK
Q62407,Mus musculus (Mouse),Symmetric dimethylarginine,2358,LRLLSRSRSEE
Q62407,Mus musculus (Mouse),Symmetric dimethylarginine,627,DPPESRTKAPS
Q62407,Mus musculus (Mouse),Symmetric dimethylarginine,1915,WVAMPRRQPPS
Q62504,Mus musculus (Mouse),Symmetric dimethylarginine,189,YTSRSRSPNRF
Q62504,Mus musculus (Mouse),Symmetric dimethylarginine,2759,SNENSRFHPGS
Q62504,Mus musculus (Mouse),Symmetric dimethylarginine,1516,KKKKIRTDSEG
Q62504,Mus musculus (Mouse),Symmetric dimethylarginine,3160,MQSEYRLHPYT
Q62504,Mus musculus (Mouse),Symmetric dimethylarginine,866,EQENDREQSPE
Q62504,Mus musculus (Mouse),Symmetric dimethylarginine,1000,EKLEARKRRFA
Q6P6N5,Mus musculus (Mouse),Symmetric dimethylarginine,54,VIHGERLRDQK
Q6P6N5,Mus musculus (Mouse),Symmetric dimethylarginine,177,FPLATRPQRRR
Q6P6N5,Mus musculus (Mouse),Symmetric dimethylarginine,246,KTGALRGAALG
Q6PAK3,Mus musculus (Mouse),Symmetric dimethylarginine,204,TVIFARDKWLK
Q6PAK3,Mus musculus (Mouse),Symmetric dimethylarginine,14,CLLLRRKMAEN
Q6PAK3,Mus musculus (Mouse),Symmetric dimethylarginine,394,NDYKMR
Q6PAN7,Mus musculus (Mouse),Symmetric dimethylarginine,82,KRPPVRRGPGL
Q6PAN7,Mus musculus (Mouse),Symmetric dimethylarginine,148,PDDATRFSLNL
Q6PAN7,Mus musculus (Mouse),Symmetric dimethylarginine,38,ARQLSRRPCAP
Q6PB70,Mus musculus (Mouse),Symmetric dimethylarginine,1038,GARAHRSAGDE
Q6PB70,Mus musculus (Mouse),Symmetric dimethylarginine,396,LPRLVRFLPKV
Q6PB70,Mus musculus (Mouse),Symmetric dimethylarginine,42,KLFGKRLLQAG
Q6PDH0,Mus musculus (Mouse),Symmetric dimethylarginine,776,LQKEQRAVDQL
Q6PDH0,Mus musculus (Mouse),Symmetric dimethylarginine,897,LNVLERRYHSL
Q6PDH0,Mus musculus (Mouse),Symmetric dimethylarginine,849,RSVSKRKERLA
Q6PDM2,Mus musculus (Mouse),Symmetric dimethylarginine,118,GPPSRRSENRV
Q6PDM2,Mus musculus (Mouse),Symmetric dimethylarginine,232,SPRRSRGSPRY
Q6PDM2,Mus musculus (Mouse),Symmetric dimethylarginine,191,ETAYIRVKVDG
Q6PDM2,Mus musculus (Mouse),Symmetric dimethylarginine,173,MTYAVRKLDNT
Q6PDM2,Mus musculus (Mouse),Symmetric dimethylarginine,222,SRSNSRSRSYS
Q6PDM2,Mus musculus (Mouse),Symmetric dimethylarginine,8,GGGVIRGPAGN
Q6PDM2,Mus musculus (Mouse),Symmetric dimethylarginine,236,SRGSPRYSPRH
Q6PDM2,Mus musculus (Mouse),Symmetric dimethylarginine,65,EFEDPRDAEDA
Q6PDM2,Mus musculus (Mouse),Symmetric dimethylarginine,154,YADVYRDGTGV
Q7TMK9,Mus musculus (Mouse),Symmetric dimethylarginine,448,TRGRGRGGRGG
Q7TMK9,Mus musculus (Mouse),Symmetric dimethylarginine,446,PPTRGRGRGGR
Q7TMK9,Mus musculus (Mouse),Symmetric dimethylarginine,548,QQQRGRGVRGA
Q7TMK9,Mus musculus (Mouse),Symmetric dimethylarginine,244,SVANNRLFVGS
Q7TMK9,Mus musculus (Mouse),Symmetric dimethylarginine,504,GGRGARGAAPS
Q7TMK9,Mus musculus (Mouse),Symmetric dimethylarginine,554,GVRGARGGRGG
Q7TMK9,Mus musculus (Mouse),Symmetric dimethylarginine,286,DKKKNRGFCFL
Q7TMK9,Mus musculus (Mouse),Symmetric dimethylarginine,229,NNHEIRSGKHI
Q7TMK9,Mus musculus (Mouse),Symmetric dimethylarginine,451,RGRGGRGGYGY
Q7TMK9,Mus musculus (Mouse),Symmetric dimethylarginine,203,LTGLNRGYAFV
Q7TMK9,Mus musculus (Mouse),Symmetric dimethylarginine,478,DYHNYRGGYED
Q7TMK9,Mus musculus (Mouse),Symmetric dimethylarginine,501,RGRGGRGARGA
Q7TMK9,Mus musculus (Mouse),Symmetric dimethylarginine,512,APSRGRGAAPP
Q7TMK9,Mus musculus (Mouse),Symmetric dimethylarginine,130,KALLERTGYTL
Q7TMK9,Mus musculus (Mouse),Symmetric dimethylarginine,171,VGKIPRDLFED
Q7TMK9,Mus musculus (Mouse),Symmetric dimethylarginine,578,PDTKRRQTNNQ
Q7TMK9,Mus musculus (Mouse),Symmetric dimethylarginine,551,RGRGVRGARGG
Q7TMK9,Mus musculus (Mouse),Symmetric dimethylarginine,105,KTYRQREKQGT
Q7TSC1,Mus musculus (Mouse),Symmetric dimethylarginine,284,PSRFPRVAGPR
Q7TSC1,Mus musculus (Mouse),Symmetric dimethylarginine,865,APPGPRPLPWP
Q7TSC1,Mus musculus (Mouse),Symmetric dimethylarginine,450,EAWRQRRKQSS
Q80XQ2,Mus musculus (Mouse),Symmetric dimethylarginine,73,YLATVRQKGIN
Q80XQ2,Mus musculus (Mouse),Symmetric dimethylarginine,435,DYYKARGADLM
Q80XQ2,Mus musculus (Mouse),Symmetric dimethylarginine,573,SLPGGREFTGS
Q811P8,Mus musculus (Mouse),Symmetric dimethylarginine,661,PVGSWRSFFNL
Q811P8,Mus musculus (Mouse),Symmetric dimethylarginine,347,LITFLRTFMKS
Q811P8,Mus musculus (Mouse),Symmetric dimethylarginine,1945,NHKEVRLPKDL
Q811P8,Mus musculus (Mouse),Symmetric dimethylarginine,724,DSKLFRPRRPR
Q811P8,Mus musculus (Mouse),Symmetric dimethylarginine,301,LSTWWRGKHGF
Q811P8,Mus musculus (Mouse),Symmetric dimethylarginine,171,SWIVKRSYEDF
Q8BG05,Mus musculus (Mouse),Symmetric dimethylarginine,21,RRRRRRGEEGH
Q8BG05,Mus musculus (Mouse),Symmetric dimethylarginine,355,GSFGGRSSGSP
Q8BG05,Mus musculus (Mouse),Symmetric dimethylarginine,19,SGRRRRRRGEE
Q8BG05,Mus musculus (Mouse),Symmetric dimethylarginine,109,VVEPKRAVSRE
Q8BG05,Mus musculus (Mouse),Symmetric dimethylarginine,96,AAMCARPHKVD
Q8BG05,Mus musculus (Mouse),Symmetric dimethylarginine,74,DPQTKRSRGFG
Q8BG05,Mus musculus (Mouse),Symmetric dimethylarginine,52,TDDSLREHFEK
Q8BG05,Mus musculus (Mouse),Symmetric dimethylarginine,18,DSGRRRRRRGE
Q8BG05,Mus musculus (Mouse),Symmetric dimethylarginine,16,QPDSGRRRRRR
Q8BG05,Mus musculus (Mouse),Symmetric dimethylarginine,143,EEYNLRDYFEK
Q8BG05,Mus musculus (Mouse),Symmetric dimethylarginine,68,DCVVMRDPQTK
Q8BG05,Mus musculus (Mouse),Symmetric dimethylarginine,76,QTKRSRGFGFV
Q8BG05,Mus musculus (Mouse),Symmetric dimethylarginine,9,KPPPGRPQPDS
Q8BG05,Mus musculus (Mouse),Symmetric dimethylarginine,103,HKVDGRVVEPK
Q8BG05,Mus musculus (Mouse),Symmetric dimethylarginine,161,EVMEDRQSGKK
Q8BG05,Mus musculus (Mouse),Symmetric dimethylarginine,257,GGGGSRGSYGG
Q8BG05,Mus musculus (Mouse),Symmetric dimethylarginine,377,GGYGSRRF
Q8BG05,Mus musculus (Mouse),Symmetric dimethylarginine,113,KRAVSREDSVK
Q8BH74,Mus musculus (Mouse),Symmetric dimethylarginine,549,PGHLLRFMTHL
Q8BH74,Mus musculus (Mouse),Symmetric dimethylarginine,843,EDDPERTHQMV
Q8BH74,Mus musculus (Mouse),Symmetric dimethylarginine,455,VWAYFRVMVDS
Q8BHL8,Mus musculus (Mouse),Symmetric dimethylarginine,180,RPHTSRQPAWR
Q8BHL8,Mus musculus (Mouse),Symmetric dimethylarginine,135,LRSQIRSGIIT
Q8BHL8,Mus musculus (Mouse),Symmetric dimethylarginine,131,NSEELRSQIRS
Q8BIF2,Mus musculus (Mouse),Symmetric dimethylarginine,176,NNATARVMTNK
Q8BIF2,Mus musculus (Mouse),Symmetric dimethylarginine,109,SNIPFRFRDPD
Q8BIF2,Mus musculus (Mouse),Symmetric dimethylarginine,100,KQQPKRLHVSN
Q8BIF2,Mus musculus (Mouse),Symmetric dimethylarginine,230,AHLRGRGRAVY
Q8BIF2,Mus musculus (Mouse),Symmetric dimethylarginine,299,CPFASRVVYQD
Q8BIF2,Mus musculus (Mouse),Symmetric dimethylarginine,111,IPFRFRDPDLR
Q8BKJ9,Mus musculus (Mouse),Symmetric dimethylarginine,68,QGRSRRREGLK
Q8BKJ9,Mus musculus (Mouse),Symmetric dimethylarginine,65,TELQGRSRRRE
Q8BKJ9,Mus musculus (Mouse),Symmetric dimethylarginine,27,REEQQRERLRQ
Q8BP71,Mus musculus (Mouse),Symmetric dimethylarginine,192,IPFRFRDPDLR
Q8BP71,Mus musculus (Mouse),Symmetric dimethylarginine,247,TVVEGRKIEVN
Q8BP71,Mus musculus (Mouse),Symmetric dimethylarginine,349,LRGRGRTVYGA
Q8BP71,Mus musculus (Mouse),Symmetric dimethylarginine,340,TAAAFRGAHLR
Q8BP71,Mus musculus (Mouse),Symmetric dimethylarginine,181,KSTPKRLHVSN
Q8BP71,Mus musculus (Mouse),Symmetric dimethylarginine,190,SNIPFRFRDPD
Q8BP71,Mus musculus (Mouse),Symmetric dimethylarginine,414,SDGYGRVYTAD
Q8BP71,Mus musculus (Mouse),Symmetric dimethylarginine,234,SADADRAREKL
Q8BP71,Mus musculus (Mouse),Symmetric dimethylarginine,347,AHLRGRGRTVY
Q8BP71,Mus musculus (Mouse),Symmetric dimethylarginine,257,NNATARVMTNK
Q8BP71,Mus musculus (Mouse),Symmetric dimethylarginine,25,ARGMKRESEVE
Q8BP71,Mus musculus (Mouse),Symmetric dimethylarginine,74,HGFPARDGQGN
Q8BTI8,Mus musculus (Mouse),Symmetric dimethylarginine,1875,PVSRRRSRSRT
Q8BTI8,Mus musculus (Mouse),Symmetric dimethylarginine,691,RRGRSRSRTPA
Q8BTI8,Mus musculus (Mouse),Symmetric dimethylarginine,902,ISPRGRSHSSS
Q8BVQ5,Mus musculus (Mouse),Symmetric dimethylarginine,228,NLESARVSMVG
Q8BVQ5,Mus musculus (Mouse),Symmetric dimethylarginine,39,GPGRKRDFTPV
Q8BVQ5,Mus musculus (Mouse),Symmetric dimethylarginine,222,KSGQIRNLESA
Q8BWB1,Mus musculus (Mouse),Symmetric dimethylarginine,938,HQESLRSFAAA
Q8BWB1,Mus musculus (Mouse),Symmetric dimethylarginine,630,RRRGTRKQMFR
Q8BWB1,Mus musculus (Mouse),Symmetric dimethylarginine,485,TSVIFRPLAPK
Q8C5R2,Mus musculus (Mouse),Symmetric dimethylarginine,180,APSAPRKELMS
Q8C5R2,Mus musculus (Mouse),Symmetric dimethylarginine,426,GSQDARKRTGS
Q8C5R2,Mus musculus (Mouse),Symmetric dimethylarginine,418,SLYEPRPDGSQ
Q8C6B2,Mus musculus (Mouse),Symmetric dimethylarginine,127,CISDLRIPLMW
Q8C6B2,Mus musculus (Mouse),Symmetric dimethylarginine,543,PLPPQRSPKSR
Q8C6B2,Mus musculus (Mouse),Symmetric dimethylarginine,104,EKTGRRPSDSV
Q8C9B9,Mus musculus (Mouse),Symmetric dimethylarginine,472,LASEKRENPVK
Q8C9B9,Mus musculus (Mouse),Symmetric dimethylarginine,1034,SISESRSPPEG
Q8C9B9,Mus musculus (Mouse),Symmetric dimethylarginine,2132,AFEDRRRERER
Q8C9B9,Mus musculus (Mouse),Symmetric dimethylarginine,1787,SFPGPRGPVPP
Q8C9B9,Mus musculus (Mouse),Symmetric dimethylarginine,2227,DRGRDRKDRSK
Q8C9B9,Mus musculus (Mouse),Symmetric dimethylarginine,1496,ALRQQRAAVGV
Q8C9B9,Mus musculus (Mouse),Symmetric dimethylarginine,1740,REPQPRPGEST
Q8C9B9,Mus musculus (Mouse),Symmetric dimethylarginine,2149,ERDWERSRDWD
Q8C9B9,Mus musculus (Mouse),Symmetric dimethylarginine,2169,DRSSNRDRERD
Q8C9B9,Mus musculus (Mouse),Symmetric dimethylarginine,1140,FSSRGRFGVVA
Q8C9B9,Mus musculus (Mouse),Symmetric dimethylarginine,120,SSSEIRSGPVS
Q8C9B9,Mus musculus (Mouse),Symmetric dimethylarginine,164,KELQNRLRRKR
Q8C9B9,Mus musculus (Mouse),Symmetric dimethylarginine,249,TEENPREAGKP
Q8C9B9,Mus musculus (Mouse),Symmetric dimethylarginine,2083,ATSEFREGKGH
Q8C9B9,Mus musculus (Mouse),Symmetric dimethylarginine,2102,GRQRERFEAGS
Q8C9B9,Mus musculus (Mouse),Symmetric dimethylarginine,2157,DWDRHREWDKG
Q8C9B9,Mus musculus (Mouse),Symmetric dimethylarginine,1047,TLFLSRLNTIW
Q8C9B9,Mus musculus (Mouse),Symmetric dimethylarginine,1196,CQKVKRPSSAG
Q8C9B9,Mus musculus (Mouse),Symmetric dimethylarginine,189,RLRKKRREEDS
Q8C9B9,Mus musculus (Mouse),Symmetric dimethylarginine,1806,NSDGPRGPPPA
Q8C9B9,Mus musculus (Mouse),Symmetric dimethylarginine,1589,GTLPARETPAG
Q8CCS6,Mus musculus (Mouse),Symmetric dimethylarginine,244,KVIPKRTNRPG
Q8CCS6,Mus musculus (Mouse),Symmetric dimethylarginine,223,DKESVRTSLAL
Q8CCS6,Mus musculus (Mouse),Symmetric dimethylarginine,168,MEADARSIYVG
Q8CCS6,Mus musculus (Mouse),Symmetric dimethylarginine,123,IKARVREMEEE
Q8CCS6,Mus musculus (Mouse),Symmetric dimethylarginine,196,CGSVNRVTILC
Q8CCS6,Mus musculus (Mouse),Symmetric dimethylarginine,74,EPPRPRAPPGA
Q8CCS6,Mus musculus (Mouse),Symmetric dimethylarginine,121,EAIKARVREME
Q8CCS6,Mus musculus (Mouse),Symmetric dimethylarginine,72,EEEPPRPRAPP
Q8CCS6,Mus musculus (Mouse),Symmetric dimethylarginine,24,SGPGRRRHLVP
Q8CCS6,Mus musculus (Mouse),Symmetric dimethylarginine,25,GPGRRRHLVPG
Q8CCS6,Mus musculus (Mouse),Symmetric dimethylarginine,17,GAAGGRGSGPG
Q8CCS6,Mus musculus (Mouse),Symmetric dimethylarginine,247,PKRTNRPGIST
Q8CCS6,Mus musculus (Mouse),Symmetric dimethylarginine,23,GSGPGRRRHLV
Q8CCS6,Mus musculus (Mouse),Symmetric dimethylarginine,236,SLFRGRQIKVI
Q8CDG1,Mus musculus (Mouse),Symmetric dimethylarginine,753,PSRGMRSVVGF
Q8CDG1,Mus musculus (Mouse),Symmetric dimethylarginine,423,TRYNNRTYRID
Q8CDG1,Mus musculus (Mouse),Symmetric dimethylarginine,675,IIMGTRDDLYG
Q8CDG1,Mus musculus (Mouse),Symmetric dimethylarginine,510,MKKDFRAMKDL
Q8CDG1,Mus musculus (Mouse),Symmetric dimethylarginine,473,PLLIHRPSERQ
Q8CDG1,Mus musculus (Mouse),Symmetric dimethylarginine,574,ERINLRNTSFV
Q8CDG1,Mus musculus (Mouse),Symmetric dimethylarginine,5,MDPVRPLFRG
Q8CDG1,Mus musculus (Mouse),Symmetric dimethylarginine,293,ELKSQRKTDDA
Q8CDG1,Mus musculus (Mouse),Symmetric dimethylarginine,367,AASIRRTDGGL
Q8CDG1,Mus musculus (Mouse),Symmetric dimethylarginine,920,PDHMQRLTFKL
Q8CDG1,Mus musculus (Mouse),Symmetric dimethylarginine,750,YHDPSRGMRSV
Q8CDG1,Mus musculus (Mouse),Symmetric dimethylarginine,709,QPTRLRSVAQK
Q8CDG1,Mus musculus (Mouse),Symmetric dimethylarginine,426,NNRTYRIDDVD
Q8CDG1,Mus musculus (Mouse),Symmetric dimethylarginine,39,EPAWGRAGPAG
Q8CDG1,Mus musculus (Mouse),Symmetric dimethylarginine,88,RPPSKREVPPL
Q8CDG1,Mus musculus (Mouse),Symmetric dimethylarginine,564,HKIEGRLLPME
Q8CDG1,Mus musculus (Mouse),Symmetric dimethylarginine,895,LAHHVRQGCGI
Q8CDG1,Mus musculus (Mouse),Symmetric dimethylarginine,772,TKWYSRVVFQM
Q8CDG1,Mus musculus (Mouse),Symmetric dimethylarginine,140,SVGWSRMLGRG
Q8CDG1,Mus musculus (Mouse),Symmetric dimethylarginine,354,VLQQHRLQIWP
Q8CDG1,Mus musculus (Mouse),Symmetric dimethylarginine,419,SIVITRYNNRT
Q8CDG1,Mus musculus (Mouse),Symmetric dimethylarginine,339,MKLVGRNFYDP
Q8CDG1,Mus musculus (Mouse),Symmetric dimethylarginine,206,VLTMERKEKEL
Q8CDG1,Mus musculus (Mouse),Symmetric dimethylarginine,111,MVRKDREEPRS
Q8CDG1,Mus musculus (Mouse),Symmetric dimethylarginine,326,YNVVFRRVMKL
Q8CDG1,Mus musculus (Mouse),Symmetric dimethylarginine,31,WPQAPRPLEPA
Q8CDG1,Mus musculus (Mouse),Symmetric dimethylarginine,812,KIVVYRDGVSD
Q8CGF7,Mus musculus (Mouse),Symmetric dimethylarginine,898,REQHKREEAIQ
Q8CGF7,Mus musculus (Mouse),Symmetric dimethylarginine,960,LTKKKREHFRQ
Q8CGF7,Mus musculus (Mouse),Symmetric dimethylarginine,1082,VDDLDRRGPPP
Q8CGF7,Mus musculus (Mouse),Symmetric dimethylarginine,891,TKEIDREREQH
Q8CGF7,Mus musculus (Mouse),Symmetric dimethylarginine,369,MVPPFRVPLPG
Q8CGF7,Mus musculus (Mouse),Symmetric dimethylarginine,872,IEASLRERERE
Q8CGF7,Mus musculus (Mouse),Symmetric dimethylarginine,554,YNPTTRLSMWD
Q8CGF7,Mus musculus (Mouse),Symmetric dimethylarginine,1069,CVPEERRKLIV
Q8CGF7,Mus musculus (Mouse),Symmetric dimethylarginine,746,AKFNPRATFSE
Q8CGF7,Mus musculus (Mouse),Symmetric dimethylarginine,630,IKAKKRKRDDN
Q8CGF7,Mus musculus (Mouse),Symmetric dimethylarginine,1058,LQNDKRYLVLD
Q8CGF7,Mus musculus (Mouse),Symmetric dimethylarginine,155,YNARTRESAWT
Q8CHY6,Mus musculus (Mouse),Symmetric dimethylarginine,82,GPVDMRTSHSD
Q8CHY6,Mus musculus (Mouse),Symmetric dimethylarginine,13,TRSQKRTLEPD
Q8CHY6,Mus musculus (Mouse),Symmetric dimethylarginine,209,QTSSTRIPGSI
Q8CIE2,Mus musculus (Mouse),Symmetric dimethylarginine,520,VCQPGRNTIQI
Q8CIE2,Mus musculus (Mouse),Symmetric dimethylarginine,139,PTHAARPSTDF
Q8CIE2,Mus musculus (Mouse),Symmetric dimethylarginine,605,CPITFRRIQLP
Q8CIE2,Mus musculus (Mouse),Symmetric dimethylarginine,704,VLKRCRTVSPA
Q8CIE2,Mus musculus (Mouse),Symmetric dimethylarginine,547,HRPSVRSVLQG
Q8CIE2,Mus musculus (Mouse),Symmetric dimethylarginine,452,HVFQLRDSVYK
Q8K1I7,Mus musculus (Mouse),Symmetric dimethylarginine,135,LPPGGRATSAK
Q8K1I7,Mus musculus (Mouse),Symmetric dimethylarginine,443,DEWESRFYFHP
Q8K1I7,Mus musculus (Mouse),Symmetric dimethylarginine,159,PSPGHRSGPPE
Q8K341,Mus musculus (Mouse),Symmetric dimethylarginine,255,PWPLNRAPRRA
Q8K341,Mus musculus (Mouse),Symmetric dimethylarginine,415,RNLQERRSTRP
Q8K341,Mus musculus (Mouse),Symmetric dimethylarginine,410,NARVIRNLQER
Q8K4P0,Mus musculus (Mouse),Symmetric dimethylarginine,10,IGSPPRFFHMP
Q8K4P0,Mus musculus (Mouse),Symmetric dimethylarginine,1239,GTSEHREMEAQ
Q8K4P0,Mus musculus (Mouse),Symmetric dimethylarginine,1088,DPDDPRFRGRR
Q8K4P0,Mus musculus (Mouse),Symmetric dimethylarginine,1194,FRDAPRPDHPP
Q8K4P0,Mus musculus (Mouse),Symmetric dimethylarginine,70,KYLENRIWQRD
Q8K4P0,Mus musculus (Mouse),Symmetric dimethylarginine,1302,SSRGARSGSNW
Q8R3P2,Mus musculus (Mouse),Symmetric dimethylarginine,127,VAYEARICDYL
Q8R3P2,Mus musculus (Mouse),Symmetric dimethylarginine,255,SLSGARSAPRL
Q8R3P2,Mus musculus (Mouse),Symmetric dimethylarginine,532,ARGFPRQCYLP
Q8R3P2,Mus musculus (Mouse),Symmetric dimethylarginine,97,MRSVRRHLFSQ
Q8R3P2,Mus musculus (Mouse),Symmetric dimethylarginine,377,SVKRLRKMSVK
Q8R3P2,Mus musculus (Mouse),Symmetric dimethylarginine,330,MPKASRVQQAL
Q8R3P2,Mus musculus (Mouse),Symmetric dimethylarginine,555,KVAWKRRLIFT
Q8R3P2,Mus musculus (Mouse),Symmetric dimethylarginine,50,HFVRQRGQHFG
Q8R3P2,Mus musculus (Mouse),Symmetric dimethylarginine,96,TMRSVRRHLFS
Q8R5H6,Mus musculus (Mouse),Symmetric dimethylarginine,238,SHYETRPQTYV
Q8R5H6,Mus musculus (Mouse),Symmetric dimethylarginine,98,QDITMRKAFRS
Q8R5H6,Mus musculus (Mouse),Symmetric dimethylarginine,177,KRKEKRKQKQK
Q8VC31,Mus musculus (Mouse),Symmetric dimethylarginine,357,AKVAPRAYSDH
Q8VC31,Mus musculus (Mouse),Symmetric dimethylarginine,219,SRRHGRNWGGS
Q8VC31,Mus musculus (Mouse),Symmetric dimethylarginine,401,PAPAHRPPEED
Q8VC31,Mus musculus (Mouse),Symmetric dimethylarginine,20,AELDKRIEALR
Q8VC31,Mus musculus (Mouse),Symmetric dimethylarginine,126,GGPGGRGRRGR
Q8VC31,Mus musculus (Mouse),Symmetric dimethylarginine,210,ESERDRREGSR
Q8VC31,Mus musculus (Mouse),Symmetric dimethylarginine,180,YERNQREGVLE
Q8VC31,Mus musculus (Mouse),Symmetric dimethylarginine,281,RLQRHRKPTGQ
Q8VC31,Mus musculus (Mouse),Symmetric dimethylarginine,198,LDDPRRRGGPL
Q8VDM6,Mus musculus (Mouse),Symmetric dimethylarginine,126,ESSYDRRPLDM
Q8VDM6,Mus musculus (Mouse),Symmetric dimethylarginine,470,VMGLRRQRNYA
Q8VDM6,Mus musculus (Mouse),Symmetric dimethylarginine,472,GLRRQRNYAGR
Q8VDM6,Mus musculus (Mouse),Symmetric dimethylarginine,194,EDRRGRSPQPP
Q8VDM6,Mus musculus (Mouse),Symmetric dimethylarginine,4,MDVRRLKVN
Q8VDM6,Mus musculus (Mouse),Symmetric dimethylarginine,609,PPPEKRFDSRG
Q8VDM6,Mus musculus (Mouse),Symmetric dimethylarginine,724,SYSPARNPPGA
Q8VDM6,Mus musculus (Mouse),Symmetric dimethylarginine,316,KSTNSRFENYG
Q8VDM6,Mus musculus (Mouse),Symmetric dimethylarginine,106,MDNITRQNQFY
Q8VEK3,Mus musculus (Mouse),Symmetric dimethylarginine,68,GDAAGRSGAGL
Q8VEK3,Mus musculus (Mouse),Symmetric dimethylarginine,281,KISRDRLSASS
Q8VEK3,Mus musculus (Mouse),Symmetric dimethylarginine,460,VPLEDRVRGPK
Q8VEK3,Mus musculus (Mouse),Symmetric dimethylarginine,683,RGGGHRGRGGF
Q8VEK3,Mus musculus (Mouse),Symmetric dimethylarginine,551,AARKKRNFILD
Q8VEK3,Mus musculus (Mouse),Symmetric dimethylarginine,220,GGDKKRGVKRP
Q8VEK3,Mus musculus (Mouse),Symmetric dimethylarginine,762,YNQNFRGRGNN
Q8VEK3,Mus musculus (Mouse),Symmetric dimethylarginine,418,EVLADRPLFPH
Q8VEK3,Mus musculus (Mouse),Symmetric dimethylarginine,24,ELKKRRLSDKG
Q8VEK3,Mus musculus (Mouse),Symmetric dimethylarginine,244,ENKYSRAKSPQ
Q8VEK3,Mus musculus (Mouse),Symmetric dimethylarginine,49,NEAGGRPAMEP
Q8VEK3,Mus musculus (Mouse),Symmetric dimethylarginine,226,GVKRPREDHGR
Q8VEK3,Mus musculus (Mouse),Symmetric dimethylarginine,768,GRGNNRGYKNQ
Q8VEK3,Mus musculus (Mouse),Symmetric dimethylarginine,231,REDHGRGYFEY
Q8VEK3,Mus musculus (Mouse),Symmetric dimethylarginine,534,NTLLQRAPQCL
Q8VEK3,Mus musculus (Mouse),Symmetric dimethylarginine,577,FAGFQRKAVVV
Q8VEK3,Mus musculus (Mouse),Symmetric dimethylarginine,462,LEDRVRGPKGP
Q8VEK3,Mus musculus (Mouse),Symmetric dimethylarginine,279,HFKISRDRLSA
Q8VEK3,Mus musculus (Mouse),Symmetric dimethylarginine,224,KRGVKRPREDH
Q8VEK3,Mus musculus (Mouse),Symmetric dimethylarginine,323,EKIPVRHLYTK
Q8VEK3,Mus musculus (Mouse),Symmetric dimethylarginine,566,SAAAQRRKMCL
Q8VIJ6,Mus musculus (Mouse),Symmetric dimethylarginine,357,RQLRVRFATHA
Q8VIJ6,Mus musculus (Mouse),Symmetric dimethylarginine,279,LSLLRRPGEKT
Q8VIJ6,Mus musculus (Mouse),Symmetric dimethylarginine,350,DDTPMRGRQLR
Q91V09,Mus musculus (Mouse),Symmetric dimethylarginine,14,LAVDARYNAYR
Q91V09,Mus musculus (Mouse),Symmetric dimethylarginine,19,RYNAYRTPTFP
Q91V09,Mus musculus (Mouse),Symmetric dimethylarginine,34,QYIRRRSQLLR
Q91WT8,Mus musculus (Mouse),Symmetric dimethylarginine,194,DKMKNRGFAFV
Q91WT8,Mus musculus (Mouse),Symmetric dimethylarginine,41,LALIERTGYTM
Q91WT8,Mus musculus (Mouse),Symmetric dimethylarginine,516,PPFQGRPITPV
Q91WT8,Mus musculus (Mouse),Symmetric dimethylarginine,53,QENGQRKYGGP
Q91WT8,Mus musculus (Mouse),Symmetric dimethylarginine,391,GAAGNRTPGPR
Q91WT8,Mus musculus (Mouse),Symmetric dimethylarginine,530,APNVQRIPTAG
Q91ZP9,Mus musculus (Mouse),Symmetric dimethylarginine,257,EGQISRLAELI
Q91ZP9,Mus musculus (Mouse),Symmetric dimethylarginine,4,MCERAARLC
Q91ZP9,Mus musculus (Mouse),Symmetric dimethylarginine,388,WCTSGRD
Q921N8,Mus musculus (Mouse),Symmetric dimethylarginine,28,MMERERKRQEE
Q921N8,Mus musculus (Mouse),Symmetric dimethylarginine,50,KEEQERRKKKE
Q921N8,Mus musculus (Mouse),Symmetric dimethylarginine,16,SNAMARALHRH
Q921N8,Mus musculus (Mouse),Symmetric dimethylarginine,26,HIMMERERKRQ
Q921N8,Mus musculus (Mouse),Symmetric dimethylarginine,102,EEKRRRKEQSD
Q921N8,Mus musculus (Mouse),Symmetric dimethylarginine,101,EEEKRRRKEQS
Q924A2,Mus musculus (Mouse),Symmetric dimethylarginine,338,SLRLLRPPWEP
Q924A2,Mus musculus (Mouse),Symmetric dimethylarginine,106,EPSLSRKTATF
Q924A2,Mus musculus (Mouse),Symmetric dimethylarginine,467,AAPAARARTPL
Q99020,Mus musculus (Mouse),Symmetric dimethylarginine,143,HRLDGRVIDPK
Q99020,Mus musculus (Mouse),Symmetric dimethylarginine,274,YGKSQRRGGHQ
Q99020,Mus musculus (Mouse),Symmetric dimethylarginine,258,RNRGNRGSGGG
Q99JX7,Mus musculus (Mouse),Symmetric dimethylarginine,428,PQNPVRKNLAE
Q99JX7,Mus musculus (Mouse),Symmetric dimethylarginine,80,TNRPNRRGDGW
Q99JX7,Mus musculus (Mouse),Symmetric dimethylarginine,70,DGPRVRYNPYT
Q99MD6,Mus musculus (Mouse),Symmetric dimethylarginine,379,RSVLLRGFDQE
Q99MD6,Mus musculus (Mouse),Symmetric dimethylarginine,90,CPHSTRVKELF
Q99MD6,Mus musculus (Mouse),Symmetric dimethylarginine,446,LLAIGRDSCTR
Q99PP7,Mus musculus (Mouse),Symmetric dimethylarginine,456,ITFQLRHILKA
Q99PP7,Mus musculus (Mouse),Symmetric dimethylarginine,766,SSTGSRGSCGS
Q99PP7,Mus musculus (Mouse),Symmetric dimethylarginine,979,SPVDQRKCERL
Q99PP7,Mus musculus (Mouse),Symmetric dimethylarginine,205,CRQECRQIDLV
Q99PP7,Mus musculus (Mouse),Symmetric dimethylarginine,1129,FIQPRRKRLKS
Q99PP7,Mus musculus (Mouse),Symmetric dimethylarginine,363,TQVQNRIKEVN
Q99PP7,Mus musculus (Mouse),Symmetric dimethylarginine,462,HILKARCDPVP
Q99PP7,Mus musculus (Mouse),Symmetric dimethylarginine,670,MANANRGPTSP
Q99PP7,Mus musculus (Mouse),Symmetric dimethylarginine,1044,FVADVRLIFKN
Q99PP7,Mus musculus (Mouse),Symmetric dimethylarginine,584,QQQPPRLISVQ
Q99PP7,Mus musculus (Mouse),Symmetric dimethylarginine,756,SHTPVRPPSTS
Q99PP7,Mus musculus (Mouse),Symmetric dimethylarginine,273,KDHLIRKKEDV
Q99PP7,Mus musculus (Mouse),Symmetric dimethylarginine,449,LLYSKRLITFQ
Q99PP7,Mus musculus (Mouse),Symmetric dimethylarginine,1052,FKNCERFNEMM
Q99PP7,Mus musculus (Mouse),Symmetric dimethylarginine,423,ITGLSRQVKHV
Q99PV8,Mus musculus (Mouse),Symmetric dimethylarginine,723,GFTDARQSPFA
Q99PV8,Mus musculus (Mouse),Symmetric dimethylarginine,486,GSLAGRSDDGL
Q99PV8,Mus musculus (Mouse),Symmetric dimethylarginine,445,NLIVHRRSHTG
Q9CX86,Mus musculus (Mouse),Symmetric dimethylarginine,199,GGGRGRGGGGG
Q9CX86,Mus musculus (Mouse),Symmetric dimethylarginine,193,AARGGRGGGRG
Q9CX86,Mus musculus (Mouse),Symmetric dimethylarginine,208,GGGGGRDQNGL
Q9CXY6,Mus musculus (Mouse),Symmetric dimethylarginine,233,KDLRIRFPGFE
Q9CXY6,Mus musculus (Mouse),Symmetric dimethylarginine,259,MNNPTRQPLAL
Q9CXY6,Mus musculus (Mouse),Symmetric dimethylarginine,327,SHGGFRKILGQ
Q9D011,Mus musculus (Mouse),Symmetric dimethylarginine,56,PPCGPRARPYG
Q9D011,Mus musculus (Mouse),Symmetric dimethylarginine,125,PFGSGRGREKR
Q9D011,Mus musculus (Mouse),Symmetric dimethylarginine,3,MHRPNFRP
Q9D011,Mus musculus (Mouse),Symmetric dimethylarginine,91,PGSYSRSPAGS
Q9D011,Mus musculus (Mouse),Symmetric dimethylarginine,127,GSGRGREKRMS
Q9D011,Mus musculus (Mouse),Symmetric dimethylarginine,7,HRPNFRPPTPP
Q9D011,Mus musculus (Mouse),Symmetric dimethylarginine,130,RGREKRMSNEL
Q9D011,Mus musculus (Mouse),Symmetric dimethylarginine,116,PQGSPRTSTPF
Q9D011,Mus musculus (Mouse),Symmetric dimethylarginine,41,RPPSPRDGYGS
Q9D011,Mus musculus (Mouse),Symmetric dimethylarginine,175,TGKKGRYFS
Q9D011,Mus musculus (Mouse),Symmetric dimethylarginine,28,GGNNFRGALGG
Q9DBR0,Mus musculus (Mouse),Symmetric dimethylarginine,376,QRRRDRMRDRA
Q9DBR0,Mus musculus (Mouse),Symmetric dimethylarginine,640,IEDKTRGEAAE
Q9DBR0,Mus musculus (Mouse),Symmetric dimethylarginine,280,GRSQTRIRDWP
Q9DBR1,Mus musculus (Mouse),Symmetric dimethylarginine,929,DHRGGRQGYPR
Q9DBR1,Mus musculus (Mouse),Symmetric dimethylarginine,134,AVEKQRVREEI
Q9DBR1,Mus musculus (Mouse),Symmetric dimethylarginine,305,EFIFLRLNVLR
Q9DBR1,Mus musculus (Mouse),Symmetric dimethylarginine,407,SIFKKRKDDED
Q9DBR1,Mus musculus (Mouse),Symmetric dimethylarginine,8,VPAFFRWLSRK
Q9DBR1,Mus musculus (Mouse),Symmetric dimethylarginine,937,YPREGRKYPLP
Q9DBR1,Mus musculus (Mouse),Symmetric dimethylarginine,921,GGYPPRRDDHR
Q9DBR1,Mus musculus (Mouse),Symmetric dimethylarginine,136,EKQRVREEILA
Q9DBR1,Mus musculus (Mouse),Symmetric dimethylarginine,108,DGVAPRAKMNQ
Q9DBR1,Mus musculus (Mouse),Symmetric dimethylarginine,615,LPPTWRKLMSD
Q9DBR1,Mus musculus (Mouse),Symmetric dimethylarginine,656,PFVDERRLRAA
Q9DBR1,Mus musculus (Mouse),Symmetric dimethylarginine,551,LCWVLRYYYQG
Q9DBR1,Mus musculus (Mouse),Symmetric dimethylarginine,120,RSRRFRASKEG
Q9DBR1,Mus musculus (Mouse),Symmetric dimethylarginine,510,PEDNVRLWEAG
Q9DBR1,Mus musculus (Mouse),Symmetric dimethylarginine,362,EGAIDRLVNIY
Q9DBR1,Mus musculus (Mouse),Symmetric dimethylarginine,743,PVPMLRDLTQN
Q9DBR1,Mus musculus (Mouse),Symmetric dimethylarginine,93,LFNIVRPRRLL
Q9DBR1,Mus musculus (Mouse),Symmetric dimethylarginine,213,IMDYIRRQRAQ
Q9ERU9,Mus musculus (Mouse),Symmetric dimethylarginine,2558,PTVEERAKADT
Q9ERU9,Mus musculus (Mouse),Symmetric dimethylarginine,3,MRRSKADV
Q9ERU9,Mus musculus (Mouse),Symmetric dimethylarginine,2211,RIVMRRDQVLK
Q9ERU9,Mus musculus (Mouse),Symmetric dimethylarginine,421,PDDLARYDTGA
Q9ERU9,Mus musculus (Mouse),Symmetric dimethylarginine,720,RDYLIRILDDS
Q9ERU9,Mus musculus (Mouse),Symmetric dimethylarginine,2297,HLSTPRESPCG
Q9JJ43,Mus musculus (Mouse),Symmetric dimethylarginine,170,SADADRAREKL
Q9JJ43,Mus musculus (Mouse),Symmetric dimethylarginine,9,EREQLRGNQEA
Q9JJ43,Mus musculus (Mouse),Symmetric dimethylarginine,152,IIFNERGSKGF
Q9JJW6,Mus musculus (Mouse),Symmetric dimethylarginine,48,PAPYSRPKPLP
Q9JJW6,Mus musculus (Mouse),Symmetric dimethylarginine,113,YDRSGRSLGTA
Q9JJW6,Mus musculus (Mouse),Symmetric dimethylarginine,110,AVDYDRSGRSL
Q9JJW6,Mus musculus (Mouse),Symmetric dimethylarginine,30,GGGPRRNRPAI
Q9JJW6,Mus musculus (Mouse),Symmetric dimethylarginine,159,IDPQRRPAQSG
Q9JJW6,Mus musculus (Mouse),Symmetric dimethylarginine,125,VHFERRADALK
Q9JJW6,Mus musculus (Mouse),Symmetric dimethylarginine,42,RGGRNRPAPYS
Q9JJW6,Mus musculus (Mouse),Symmetric dimethylarginine,124,DVHFERRADAL
Q9JJW6,Mus musculus (Mouse),Symmetric dimethylarginine,29,RGGGPRRNRPA
Q9JJW6,Mus musculus (Mouse),Symmetric dimethylarginine,192,GRGTGRNSKQQ
Q9JJW6,Mus musculus (Mouse),Symmetric dimethylarginine,214,DAYNARMDTS
Q9JJW6,Mus musculus (Mouse),Symmetric dimethylarginine,17,IIKLNRNQRRV
Q9JJW6,Mus musculus (Mouse),Symmetric dimethylarginine,158,QIDPQRRPAQS
Q9JJW6,Mus musculus (Mouse),Symmetric dimethylarginine,20,LNRNQRRVNRG
Q9JJW6,Mus musculus (Mouse),Symmetric dimethylarginine,21,NRNQRRVNRGG
Q9JJW6,Mus musculus (Mouse),Symmetric dimethylarginine,143,VPLDGRPMDIQ
Q9JMB7,Mus musculus (Mouse),Symmetric dimethylarginine,193,NGEHVRITITL
Q9JMB7,Mus musculus (Mouse),Symmetric dimethylarginine,370,SQPKRRRGPGG
Q9JMB7,Mus musculus (Mouse),Symmetric dimethylarginine,49,GDLVGRGRQRG
Q9JMB7,Mus musculus (Mouse),Symmetric dimethylarginine,590,QCVVARTLGKQ
Q9JMB7,Mus musculus (Mouse),Symmetric dimethylarginine,10,ARARARGRARG
Q9JMB7,Mus musculus (Mouse),Symmetric dimethylarginine,51,LVGRGRQRGMV
Q9QX47,Mus musculus (Mouse),Symmetric dimethylarginine,2008,SRTPSRRSRTP
Q9QX47,Mus musculus (Mouse),Symmetric dimethylarginine,2428,LFRVLRNGSPY
Q9QX47,Mus musculus (Mouse),Symmetric dimethylarginine,2401,EICNKRRWQPP
Q9QX47,Mus musculus (Mouse),Symmetric dimethylarginine,1988,RTPSRRSRTPS
Q9QX47,Mus musculus (Mouse),Symmetric dimethylarginine,1971,RSVGRRRSFSI
Q9QX47,Mus musculus (Mouse),Symmetric dimethylarginine,1994,SRTPSRRSRTP
Q9QYS9,Mus musculus (Mouse),Symmetric dimethylarginine,227,AQAAPRIITGP
Q9QYS9,Mus musculus (Mouse),Symmetric dimethylarginine,170,EIKLKRAVEEV
Q9QYS9,Mus musculus (Mouse),Symmetric dimethylarginine,101,FNFVGRILGPR
Q9R0L7,Mus musculus (Mouse),Symmetric dimethylarginine,512,DHNRNRRLMME
Q9R0L7,Mus musculus (Mouse),Symmetric dimethylarginine,40,NSGTNRGYENY
Q9R0L7,Mus musculus (Mouse),Symmetric dimethylarginine,398,SLCKYRTFYED
Q9WU42,Mus musculus (Mouse),Symmetric dimethylarginine,315,EKKVERIENNP
Q9WU42,Mus musculus (Mouse),Symmetric dimethylarginine,32,PVQIARSHTDV
Q9WU42,Mus musculus (Mouse),Symmetric dimethylarginine,406,DADQQRIKFIN
Q9WU42,Mus musculus (Mouse),Symmetric dimethylarginine,1104,RPVLPRPPISN
Q9WU42,Mus musculus (Mouse),Symmetric dimethylarginine,565,VASKGRKTANS
Q9WU42,Mus musculus (Mouse),Symmetric dimethylarginine,330,KESKVREYYEK
Q9WUU8,Mus musculus (Mouse),Symmetric dimethylarginine,490,DFQRERSDRER
Q9WUU8,Mus musculus (Mouse),Symmetric dimethylarginine,323,LLEQQRMELLE
Q9WUU8,Mus musculus (Mouse),Symmetric dimethylarginine,199,FTHLGRMALEF
Q9WUU8,Mus musculus (Mouse),Symmetric dimethylarginine,246,KGLEQRDLAAE
Q9WUU8,Mus musculus (Mouse),Symmetric dimethylarginine,27,SAAFERLVEEN
Q9WUU8,Mus musculus (Mouse),Symmetric dimethylarginine,488,EEDFQRERSDR
Q9Z108,Mus musculus (Mouse),Symmetric dimethylarginine,351,TKDFTRAAPNP
Q9Z108,Mus musculus (Mouse),Symmetric dimethylarginine,367,TAMIARELLYG
Q9Z108,Mus musculus (Mouse),Symmetric dimethylarginine,10,VDPHSRMQSTY
Q9Z108,Mus musculus (Mouse),Symmetric dimethylarginine,200,MNPISRLAQIQ
Q9Z108,Mus musculus (Mouse),Symmetric dimethylarginine,227,GLPRRREFVMQ
Q9Z108,Mus musculus (Mouse),Symmetric dimethylarginine,67,HDAPARALRTL
Q9Z1Y4,Mus musculus (Mouse),Symmetric dimethylarginine,374,CVVCHRGLDGI
Q9Z1Y4,Mus musculus (Mouse),Symmetric dimethylarginine,117,SHAPRRPDRQA
Q9Z1Y4,Mus musculus (Mouse),Symmetric dimethylarginine,183,VAQPVRGCGLP
